Client Name,Client e-mail,Profession,Education,Country,Gender,Age,Income,Credit Card Debt,Healthcare Cost,Inherited Amount,Stocks,Bonds,Mutual Funds,ETFs,REITs,Net Worth
Martina Avila,cubilia.Curae.Phasellus@quisaccumsanconvallis.edu,Teacher,GED (General Educational Development),USA,0,42,62812.09301,11609.38091,1,35321.45877,75661.97242,69670.45071,42870.8743,39218.97651,58483.05364,642453.5727
Harlan Barnes,eu.dolor@diam.co.uk,Plumber,Special Education,USA,0,41,66646.89292,9572.957136,1,45115.52566,96030.38566,7680.339282,36609.25004,93657.44566,62082.34959,682350.5918
Naomi Rodriquez,vulputate.mauris.sagittis@ametconsectetueradipiscing.co.uk,Graphic Designer,Postdoctoral Research,USA,1,43,53798.55112,11160.35506,1,42925.70921,44124.82568,96675.50742,79230.73628,41715.25092,26897.69805,663139.4551
Jade Cunningham,malesuada@dignissim.com,Architect,Military Education and Training,USA,1,58,79370.03798,14426.16485,1,67422.36313,52871.51841,77797.20298,82208.33343,97756.6348,26408.74256,808929.5906
Cedric Leach,felis.ullamcorper.viverra@egetmollislectus.net,Construction Worker,Online Education,USA,1,57,59729.1513,5358.712177,1,55915.46248,40716.50024,16375.52521,11644.52634,97962.12143,23413.7385,492055.7484
Carla Hester,mi@Aliquamerat.edu,Pharmacist,Educational Workshops and Seminars,USA,1,57,68499.85162,14179.47244,1,56611.99784,42857.22618,13667.28129,43754.09947,19044.41331,11233.37752,374336.7912
Griffin Rivera,vehicula@at.co.uk,Pilot,Tutoring and Coaching,USA,1,47,39814.522,5958.460188,1,28925.70549,69710.20968,57677.47764,58060.14394,79269.50189,82201.38961,751688.8565
Orli Casey,nunc.est.mollis@Suspendissetristiqueneque.co.uk,Software Developer,Apprenticeships,USA,1,50,51752.23445,10985.69656,1,47434.98265,51353.60983,56584.36392,47123.02151,12327.60967,45937.41725,521522.0097
Marny Obrien,Phasellus@sedsemegestas.org,Teacher,Continuing Education,USA,0,47,58139.2591,3440.823799,1,48013.6141,31205.45778,64565.77167,47932.3427,94330.88088,84241.65487,740579.444
Rhonda Chavez,nec@nuncest.com,Pilot,Secondary Education,USA,1,43,53457.10132,12884.07868,1,38189.50601,79205.02886,20140.77725,65294.27481,79840.36834,84610.98348,734561.8775
Jerome Rowe,ipsum.cursus@dui.org,Lawyer,Online Education,USA,1,50,73348.70745,8270.707359,1,59045.51309,20300.36464,69848.16459,28744.39863,47755.80242,7814.0797,467016.6461
Akeem Gibson,turpis.egestas.Fusce@purus.edu,Graphic Designer,International Baccalaureate (IB),USA,1,53,55421.65733,10014.96929,1,42288.81046,12347.89364,14975.76428,21205.42514,16127.72678,5480.000513,224851.2416
Quin Smith,nulla@ipsum.edu,Doctor,Educational Workshops and Seminars,USA,0,44,37336.3383,10218.32092,1,28700.0334,36222.25016,34677.45298,7699.78975,40564.70535,29052.30549,196332.3799
Tatum Moon,Cras.sed.leo@Seddiamlorem.ca,Firefighter,Technical Certifications,USA,0,48,68304.47298,9466.995128,1,49258.87571,66574.74321,89154.07287,93568.87795,31490.95519,3084.263755,597901.2767
Sharon Sharpe,eget.metus@aaliquetvel.co.uk,Architect,Distance Learning,USA,0,55,72776.00382,10597.63814,1,49510.03356,79148.17878,66170.41496,98433.23001,99748.35239,94336.47434,974693.3681
Thomas Williams,aliquet.molestie@ut.org,Sales Representative,Online Education,USA,1,53,64662.30061,11326.03434,1,53017.26723,91787.69408,45759.95586,64796.65546,46558.26413,55555.49792,714950.6693
Blaine Bender,ultrices.posuere.cubilia@pedenonummyut.net,Librarian,Vocational Training,USA,0,45,63259.87837,11495.54999,1,41814.72067,35619.69511,77302.47402,71237.22926,95956.59834,1881.137894,647623.7106
Stephen Lindsey,erat.eget.ipsum@tinciduntpede.org,Construction Worker,Associate Degree,USA,1,48,52682.06401,12514.52029,1,43901.71244,99146.23573,32674.15623,26929.76085,77006.53452,4630.634906,568578.0694
Sloane Mann,at.augue@augue.net,Lawyer,Adult Education,USA,1,52,54503.14423,7377.820914,1,44633.99241,52953.28693,56610.82789,46529.57908,2080.589552,72316.31539,550249.1825
Athena Wolf,volutpat.Nulla.facilisis@primis.ca,Veterinarian,GED (General Educational Development),USA,0,59,55368.23716,13272.94647,1,54827.52403,28382.52049,61958.63081,59252.66628,3576.861898,95267.54654,606531.5001
Blythe Romero,Sed.eu@risusNuncac.co.uk,Architect,Apprenticeships,USA,1,52,63435.86304,11878.03779,1,51130.95379,41423.51079,66799.02123,70772.4233,12965.80284,86101.41131,658386.2465
Zelenia Byers,auctor.non@sapien.co.uk,Dentist,Vocational Training,USA,0,48,64347.34531,10905.36628,1,43402.31525,16187.25818,21628.59551,32000.72133,99037.57483,90966.73308,606446.3963
Nola Wiggins,Aliquam@augue.edu,Psychologist,Vocational Training,USA,1,46,65176.69055,7698.552234,1,47240.86004,83146.70116,74169.73801,9967.025197,75222.06871,75901.85653,731296.4993
Micah Wheeler,arcu.eu@tincidunt.org,Carpenter,International Baccalaureate (IB),USA,1,47,52027.63837,11960.85377,1,46635.49432,22402.60544,1886.821261,98807.73773,39610.59852,89050.50183,596787.5182
Caryn Hendrix,condimentum.Donec@duiCum.com,Construction Worker,Adult Education,USA,0,40,69612.0123,8125.598993,1,45078.40193,164.0699334,48097.84663,48081.80946,72730.26781,17626.72572,463558.243
Hedda Miranda,scelerisque@magnased.com,Pharmacist,GED (General Educational Development),USA,0,53,53065.57175,17805.57607,1,44387.58412,19472.33599,26575.7768,28499.36475,20870.01174,55286.93003,390184.0069
Ulric Lynn,sociis@vulputateveliteu.com,Psychologist,Doctorate (Ph.D.),USA,0,28,82842.53385,13102.15805,1,37161.55393,44448.20403,96239.17172,49347.23386,13281.00808,17986.6266,516927.5965
Alma Pope,Nunc.mauris.Morbi@turpis.org,Firefighter,Undergraduate Education,USA,0,56,61388.62709,14270.00731,1,49091.97185,34408.44994,4513.236988,56674.33013,45654.57794,18999.33529,418683.8043
Gemma Hendrix,lobortis@non.co.uk,Firefighter,Professional Degrees,USA,1,46,100000,17452.92179,1,58350.31809,1048.634366,36532.82191,98083.99662,80090.43102,52551.56027,653315.5246
Castor Wood,velit.Pellentesque@Nulla.net,Teacher,Technical Certifications,USA,1,40,62891.86556,12522.94052,1,43994.35972,4621.245313,43943.73043,25142.13741,93356.50975,77670.68622,577457.3377
Herman Stevenson,sociosqu.ad.litora@erat.com,Dentist,GED (General Educational Development),USA,1,33,39627.1248,9371.511071,1,17584.56963,21723.03513,93011.39807,83137.05972,72072.31997,21626.49434,618309.7537
Adrienne Bolton,dictum@magnaPraesent.ca,Journalist,Military Education and Training,USA,1,40,68859.56489,13417.02027,1,44650.36073,54453.75444,6768.429121,66594.50004,49157.82422,75432.27682,594114.2908
Dahlia Cleveland,tincidunt.tempus@idsapien.co.uk,Psychologist,Adult Education,USA,1,51,82358.22683,8092.475103,1,66363.89316,46937.64149,11116.26742,17844.57447,38638.31085,90768.62361,543338.622
Keane Browning,Curabitur@acipsumPhasellus.co.uk,Firefighter,Professional Degrees,USA,0,51,67904.39895,11417.30952,1,53489.46214,8365.720896,24424.09863,68242.95095,20037.33032,63969.85333,477058.8325
Quon Hull,nascetur.ridiculus.mus@dignissim.co.uk,Psychologist,GED (General Educational Development),USA,0,46,65311.68225,7988.753685,1,39810.34817,69643.54466,7040.982066,77138.49842,70230.21006,25976.09069,579679.3481
Coby Charles,nec@dolornonummyac.com,Social Worker,Tutoring and Coaching,USA,0,51,59593.2624,12252.73058,1,51612.14311,78878.63924,40841.93588,96962.44944,41548.56157,31479.57543,682646.6094
Amery Cortez,semper.et.lacinia@Morbiquisurna.ca,Veterinarian,Non-Degree Programs,USA,1,50,47460.54809,7405.534271,1,38978.67458,14973.59835,44391.99943,48075.38824,11355.3198,88691.39052,492932.7418
Uriel Bradshaw,ultrices@Integersemelit.com,Engineer,Apprenticeships,USA,1,22,43131.78411,10917.14094,1,10092.22509,8484.926484,70263.86777,58033.39951,1073.843425,92065.81234,480028.1492
Fredericka Sanders,Curabitur@Infaucibus.ca,Accountant,Doctorate (Ph.D.),USA,0,51,52263.69806,8838.759509,1,35928.52404,9998.079142,48402.08953,39138.94911,19015.93996,21135.75267,347238.6689
Christopher Stevens,blandit.enim@lacusvariuset.org,Electrician,Technical or Trade School,USA,1,48,80959.5331,4499.921096,1,54823.19221,21861.56425,73806.46559,25820.50794,6989.175982,46545.59928,459693.0105
Rachel Ashley,tincidunt.tempus.risus@posuerecubiliaCurae.co.uk,Firefighter,Professional Degrees,USA,0,42,66417.66597,9183.327621,1,45805.67186,17165.64274,82932.09966,72606.10074,11359.94949,83690.23641,627119.4018
Lael Wright,a@consequatpurusMaecenas.com,Electrician,Bachelor's Degree,USA,1,46,58457.41492,12491.01273,1,41567.47033,9968.215741,57140.80219,32581.95925,78944.54738,88855.46282,618116.9154
Ryder Shaffer,Phasellus.dapibus.quam@inhendrerit.ca,Architect,Educational Workshops and Seminars,USA,0,38,50571.45969,13338.32852,1,28031.20985,73757.13244,31134.8086,95479.86739,68307.76035,79564.81654,752551.1903
Eric Noel,lacinia.at.iaculis@Fuscefermentumfermentum.edu,Sales Representative,Associate Degree,USA,1,39,50943.16256,10816.8855,1,27815.73813,2559.618506,51870.94944,34890.53653,65906.58789,81474.66622,529036.1934
Tamara Guy,nec.eleifend@orci.org,Plumber,Preschool,USA,1,61,79792.13096,14245.53319,1,68678.4352,49429.89445,47474.31046,30314.7991,5800.989097,32601.34619,468599.549
Quincy Bell,in@Duisgravida.co.uk,Dentist,Online Education,USA,0,55,70787.27764,10155.34095,1,68925.09447,27577.029,94308.42497,79312.81019,65768.42398,73029.22218,817842.0096
Lee Taylor,Vivamus.nisi.Mauris@miAliquam.co.uk,Nurse,Adult Education,USA,1,42,56098.50773,11675.28496,1,34215.7615,1163.562991,29839.56722,88160.1242,36757.54509,99552.28792,579377.6978
Kenneth Pope,vitae.sodales.at@molestiearcuSed.org,Engineer,Undergraduate Education,USA,0,51,57478.37922,2230.096344,1,37843.46619,19080.55026,82024.72284,43984.94543,27625.18749,57266.61508,535650.9746
Reese Vance,egestas@malesuadavelvenenatis.com,Artist,Special Education,USA,1,41,60181.40633,7094.896557,1,37883.24231,81067.99098,49692.54971,91768.1108,62069.81506,94460.33819,833884.0941
Quon Carroll,sodales@pharetra.com,Teacher,International Baccalaureate (IB),USA,0,40,74445.08168,7915.758178,1,48734.35708,28819.70784,572.2474854,48732.41571,13093.60959,49581.80655,379068.2885
Magee Davidson,Quisque@tempor.net,Journalist,Apprenticeships,USA,1,41,38406.7789,11023.00268,1,27187.23914,17037.94019,35208.65956,55810.1118,70190.918,56052.03116,522973.7997
Leilani Gross,dignissim@mollisDuissit.org,Police Officer,Non-Degree Programs,USA,0,56,64616.6881,12378.54089,1,63738.39065,6937.484541,92829.34213,7941.148219,69267.9166,61982.7283,605394.0209
Morgan William,sociis.natoque.penatibus@uterat.ca,Nurse,Undergraduate Education,USA,0,46,68107.93144,7813.602657,1,48266.75516,29429.96219,85165.8395,16222.82419,30796.89261,92049.90866,603864.3646
Francesca Cervantes,leo@sitametdapibus.edu,Teacher,Master's Degree,USA,1,37,72471.81532,11216.88676,1,46381.13111,17144.03474,92919.30696,5296.588922,90968.18597,18952.12829,543322.752
Rafael Peterson,lectus.a.sollicitudin@tortorat.net,Electrician,Primary Education,USA,1,52,35069.41886,1851.979839,1,31978.9799,4897.702477,16393.51771,46929.38914,23370.35779,18246.00139,283631.8968
Roanna Knox,dolor.nonummy@metusurnaconvallis.net,Mechanic,Technical or Trade School,USA,0,57,52422.94691,6998.46562,1,48100.29052,47649.12611,14928.00471,66480.10865,76735.61665,69687.12226,647160.5378
Marny Vargas,nonummy.Fusce.fermentum@ligula.org,Electrician,Technical Certifications,USA,1,34,84467.78988,7772.444847,1,47380.91224,54061.15949,84500.48679,40501.7255,34899.14481,66329.06964,655344.997
Charlotte Waller,odio@Nuncac.org,Sales Representative,Bachelor's Degree,USA,1,43,51419.50777,11331.20447,1,41425.00116,16512.38573,93067.52787,62934.02095,18304.05149,97372.09201,659230.1584
Dorian Hernandez,conubia.nostra.per@diam.co.uk,Social Worker,Primary Education,USA,1,50,46609.51626,7592.019748,0,38147.81018,81926.93671,75542.70176,93160.02411,84876.99146,55212.05769,857733.0438
Armando Hensley,Class.aptent@torquentper.com,Mechanic,Continuing Education,USA,1,42,55207.45679,9976.434857,0,32737.80177,33834.04435,76585.58148,29201.05912,73967.33632,44238.63449,581128.9151
Rowan Kidd,sapien.Aenean.massa@adipiscing.ca,Marketing Manager,Educational Workshops and Seminars,USA,1,42,46689.4159,7829.565502,0,37348.13737,45012.81215,60560.55809,86828.80415,81963.2803,53964.47875,731356.1416
Gwendolyn Rice,Duis@metusIn.com,Mechanic,Tutoring and Coaching,USA,0,42,71847.2544,4225.328117,0,47483.85316,5546.787527,81250.94104,77218.42204,73731.67865,82771.13571,736005.6363
Gareth Morris,est.Nunc.laoreet@nullavulputatedui.edu,Plumber,Doctorate (Ph.D.),USA,0,55,69236.68608,9842.842611,0,49730.53339,89992.72805,56999.80702,73247.0792,44324.24298,39226.65298,707042.0872
Sawyer Carney,erat.Sed@Phasellus.ca,Journalist,Associate Degree,USA,0,53,54006.77851,15189.08845,0,40093.61981,85302.37936,13780.09335,43803.52344,51112.47143,22506.67059,513197.516
Raya Shields,tincidunt.aliquam@orciluctuset.com,Psychologist,Online Education,USA,0,53,47228.35999,9046.182396,0,42297.5062,44753.28327,68513.23796,1498.506842,30625.96365,12408.09993,400193.1957
Olga Serrano,risus@urnasuscipitnonummy.edu,Pilot,Special Education,USA,0,43,70187.50328,6841.540577,0,52954.93121,86352.4948,61514.90887,59487.8962,65300.52642,63463.02907,778147.5731
Yuli Craig,lobortis.quis.pede@Seddiam.com,Chef,Secondary Education,USA,0,55,62262.94845,11785.87919,0,48104.11184,61921.75349,89063.63654,42927.45805,28148.87776,33738.2764,607808.2282
Lev Kramer,eu.odio@tristique.org,Electrician,GED (General Educational Development),USA,1,43,59195.82899,8634.376791,0,43680.91327,97270.98406,35093.09941,55989.04168,87066.64479,28534.72567,695270.8178
Nissim Acosta,enim@at.net,Police Officer,Undergraduate Education,USA,1,57,48716.67271,10886.91711,0,52707.96816,40291.86722,76302.92511,70289.85176,71424.26479,60257.04649,742547.8471
Miranda Berry,lorem@necmauris.ca,Chef,Master's Degree,USA,1,52,66478.00967,13685.88702,0,49392.8897,29903.83532,12625.21594,77542.64945,31510.08189,88768.81796,579486.9805
Owen Jacobson,ac.orci@Etiamimperdietdictum.edu,Social Worker,Vocational Training,USA,1,45,50280.0045,11350.49408,0,30841.00154,94513.98458,45151.11465,48056.57198,47794.72027,28744.64218,590204.0704
Marvin Becker,congue.elit@vestibulumneceuismod.ca,Carpenter,Vocational Training,USA,0,56,57393.82872,5627.803654,0,49373.37555,8868.879148,34319.9937,17739.57129,15404.37576,5934.949205,263282.2893
Davis Scott,neque@variusultricesmauris.edu,Librarian,Online Education,USA,0,41,63429.93141,10676.21884,0,41903.65171,34571.83716,93323.04814,62967.5381,48936.01248,37356.63502,638117.4452
Matthew Colon,facilisis@Nullainterdum.edu,Sales Representative,Doctorate (Ph.D.),USA,1,48,59139.2108,4630.544424,0,45058.8969,84889.59297,95749.59864,72159.69287,28604.09792,50036.52232,752996.8032
Quinlan Harris,libero.nec@adipiscing.org,Doctor,Vocational Training,USA,1,56,67015.19372,13000.41369,0,52991.52667,49946.8368,2149.375087,64029.34281,34625.60816,51546.44274,510578.2645
Hedley Greene,eleifend@felis.org,Sales Representative,Master's Degree,USA,0,47,69157.4521,15791.61176,0,50958.08115,62634.76084,95418.47559,15038.28659,95351.42625,67318.10047,773438.2618
Orson Kirby,cursus@nectellus.co.uk,Financial Analyst,Associate Degree,USA,1,53,50867.94007,16732.30638,0,41357.17897,67150.71471,60279.44917,41876.84715,86797.177,12865.29101,620653.316
Adria Mathis,Aliquam.rutrum.lorem@Donec.net,Social Worker,Special Education,USA,1,57,53450.90036,8740.723093,0,44434.71917,33116.9039,15046.70518,1735.870545,35174.7107,64556.97104,388131.7611
Peter Stout,dictum.mi.ac@semperrutrumFusce.com,Carpenter,Primary Education,USA,0,39,70463.99084,10059.55406,0,38502.42392,25118.31891,88966.68651,48996.54381,83918.97823,17065.29738,605136.4975
Cleo Moore,pede.et@Sedeu.com,Electrician,Homeschooling,USA,0,45,52697.15192,861.8166529,0,41221.24918,95751.71373,34320.4211,77909.46937,644.1068603,60506.77888,620707.4782
Cally Montoya,sit@pedeCum.ca,Veterinarian,Secondary Education,USA,1,33,71055.41924,6147.918843,0,38399.46139,2660.802966,2870.361766,53660.79788,43820.24689,33971.50053,350766.3428
Ila Farrell,lacus@velit.edu,Social Worker,Online Education,USA,1,44,55406.46215,9522.576495,0,41456.68097,26618.04483,37318.41918,49480.17444,95026.55311,82150.03562,664099.8163
Abel Stanton,eu.lacus.Quisque@congue.edu,Chef,Special Education,USA,1,40,48567.07462,9724.031647,0,30394.82494,4761.729803,25086.57146,37318.24147,15216.96976,43403.08345,312362.8418
Reed Roman,laoreet.libero@laoreetlectus.com,Electrician,Undergraduate Education,USA,0,40,69506.62127,5449.471997,0,42384.05128,4478.908827,61107.37002,83207.18745,96073.14791,5687.153492,585875.638
September Puckett,tincidunt@consequatpurusMaecenas.net,Construction Worker,Bachelor's Degree,USA,1,37,69453.71659,9565.830875,0,39002.0771,44095.86539,14286.41908,62703.80363,87035.76952,58269.53511,610786.9396
Teegan Barr,non.lorem.vitae@eratVivamus.org,Psychologist,Online Education,USA,1,40,36929.35124,9719.192898,0,19553.2739,28429.88211,29227.97267,97506.30223,16245.50278,60091.90724,502109.6819
Alexander York,eu.odio.Phasellus@ipsumporta.edu,Psychologist,Non-Degree Programs,USA,1,44,63087.95261,11024.02643,0,45167.32542,13285.90254,44162.44172,59112.0189,15157.5447,49.88493387,353870.2364
Jared Green,laoreet@sagittis.edu,Chef,GED (General Educational Development),USA,0,43,50889.34054,11041.17891,0,36019.9556,98140.36244,69091.05093,64599.40944,55543.69474,41842.18997,730473.3262
Eagan Woodward,varius.et@Maecenas.edu,Veterinarian,Non-Degree Programs,USA,1,58,58065.25694,4204.920492,0,50937.93844,2468.920917,41831.54782,37475.45804,90464.77096,56991.45268,560340.1777
Ferdinand Weber,metus.Vivamus@vitaeposuere.org,Firefighter,Secondary Education,USA,1,32,20000,14261.80773,0,12895.71468,80889.588,85660.19786,53077.86701,35062.46859,6420.346994,548012.3663
Kitra Kerr,scelerisque@Vivamusnon.co.uk,Veterinarian,Technical Certifications,USA,1,50,60536.20406,8244.470226,0,38955.21919,15421.04427,95946.64903,36287.63044,35448.15378,12677.56243,469472.5183
Desirae Stone,Morbi.sit@Aliquamfringilla.ca,Accountant,Special Education,USA,1,59,50667.69759,9871.403591,0,51221.04249,18130.78017,42682.66291,73986.6198,9027.222504,20652.15247,431400.9607
Len Phillips,libero.lacus@Suspendisseseddolor.net,Social Worker,Secondary Education,USA,1,42,44376.62221,13865.09055,0,25971.95673,66501.31138,64705.61334,77129.68999,37725.49283,52029.59022,648127.309
Yen Santana,ornare.facilisis@ornarelibero.ca,Lawyer,Primary Education,USA,0,50,75958.28349,10562.90377,0,60670.33672,44290.48159,72403.01399,46002.41905,42457.24979,99808.01306,731263.0284
Martina Fuentes,elit@nequeIn.com,Electrician,Technical or Trade School,USA,1,53,70896.72853,11794.73914,0,54075.12064,18867.58884,87075.02759,9910.816694,26532.00921,7634.273849,408189.6736
Ariana Nash,vel.turpis.Aliquam@consequatpurus.edu,Plumber,Master's Degree,USA,1,47,56009.73073,11030.2654,0,40004.87142,73620.62492,57726.92441,64901.88013,2837.850293,51583.49781,581351.298
Glenna Graham,sodales@maurisSuspendisse.com,Graphic Designer,Technical Certifications,USA,0,46,90556.62686,13872.5667,0,61593.52058,15220.72667,49194.76,17012.62633,90167.56243,29549.47265,525477.3373
Holmes Lane,ac.orci@accumsaninterdum.co.uk,Lawyer,Undergraduate Education,USA,1,43,71716.45662,8870.714301,0,39503.38829,99164.82171,65257.98418,20492.83858,43370.72357,81753.52112,699086.5549
Emerald Hamilton,sit.amet.orci@facilisis.edu,Police Officer,Educational Workshops and Seminars,USA,0,49,68502.10943,5831.118245,0,52474.71839,88923.67963,64896.22472,90925.06772,28516.50745,69679.03762,790830.4711
Gage Marquez,malesuada.vel@dictum.co.uk,Journalist,Homeschooling,USA,0,43,46261.42666,16767.2636,0,42187.6828,44205.51851,50198.63958,39740.58514,74127.08503,51691.31813,604301.6584
Travis Burks,dictum@liberolacusvarius.ca,Artist,Technical or Trade School,USA,1,53,61858.19077,5189.083564,0,57441.44414,31585.10621,57057.65937,65542.75884,64545.59252,63790.52475,679926.1717
Otto Oneill,arcu.Morbi.sit@elementum.ca,Veterinarian,Undergraduate Education,USA,1,36,49483.83262,11811.25253,0,22681.71667,59818.67783,71816.3354,62997.71978,7420.413196,90012.72173,629495.1692
Brian Mathews,vulputate.mauris.sagittis@orciluctus.com,Chef,Homeschooling,USA,1,30,68289.18229,7357.787011,0,33640.73697,84643.8236,70459.98682,26964.3414,34352.78356,24513.2606,549149.8659
Ralph Rich,et@tellus.edu,Construction Worker,Language Courses,USA,0,37,47399.22827,14562.64194,0,31540.77868,41723.90512,23319.16817,62091.51316,58510.86051,35269.79171,504912.0347
Yasir Tyler,pharetra.sed.hendrerit@adipiscinglobortisrisus.edu,Journalist,Secondary Education,USA,0,48,63975.0609,10614.85449,0,60461.24268,12903.09355,96977.29367,32810.41231,43869.67239,20772.67852,535588.7862
Dominic Mcintosh,Cras.vehicula@nibhPhasellusnulla.net,Mechanic,Technical Certifications,USA,0,44,75460.52362,6280.929547,0,45738.3343,6514.948856,80071.98983,38356.58041,59078.6321,70414.58623,600350.1435
Tanner Ward,diam@orciUt.ca,Firefighter,International Baccalaureate (IB),USA,0,42,51075.46118,12416.84845,0,34803.82395,27332.27691,27148.8705,44568.46056,60688.88529,87149.21042,563383.0552
Wing Gray,urna.nec@tempusscelerisquelorem.org,Mechanic,Vocational Training,USA,1,50,42433.54619,7335.524826,0,34642.6024,13478.69982,60505.49566,12114.3859,33184.59478,46029.84678,399911.2507
Lionel Mcclure,odio.auctor.vitae@placeratorcilacus.edu,Artist,Educational Workshops and Seminars,USA,1,30,61922.8971,10366.50326,0,27586.71854,89159.20235,93867.32406,79159.84259,7411.710018,44032.65391,682434.9029
Wing Parks,sagittis@magnased.ca,Firefighter,Vocational Training,USA,1,42,69946.93924,9010.648633,0,54973.02495,68830.49907,29965.26817,88999.2399,26194.02169,58205.43917,654334.9859
Oleg Gordon,Nunc.sollicitudin.commodo@blanditat.co.uk,Construction Worker,Secondary Education,USA,1,46,73476.42249,9656.806156,0,49142.51174,79131.63577,65352.02433,25792.62363,77626.74764,86370.83211,766832.7504
Jamal Stephenson,lorem.lorem@in.edu,Electrician,Primary Education,USA,1,55,75571.20188,12887.54899,0,58840.53964,95908.90197,60167.38361,86421.04239,20197.26812,34416.00294,711902.2773
Kadeem Larsen,ornare.lectus.ante@lectusNullam.net,Social Worker,Postdoctoral Research,USA,0,44,82573.01132,1696.989764,0,57306.32866,1246.207999,26986.61043,25827.89138,98544.52437,21877.31181,463577.7493
Todd Maldonado,dui.semper.et@aultricies.net,Doctor,Distance Learning,USA,0,58,50649.64492,11211.72016,0,51941.6756,84933.35669,24092.73159,24073.60727,49986.83942,84267.59907,638591.6193
Victor Yang,arcu.Vivamus.sit@egestasSed.com,Psychologist,Homeschooling,USA,1,42,53427.46192,7903.103591,0,30240.60975,30210.39836,87533.49011,52732.06793,10028.30843,88053.09109,597595.9314
Quamar Cummings,mauris@convallisconvallisdolor.co.uk,Librarian,Apprenticeships,USA,1,57,75247.18061,13258.46631,0,67120.89878,38068.20304,94954.95586,16409.67857,22779.93211,68452.36698,615572.0707
Dominic Hughes,cursus.vestibulum.Mauris@pedenonummy.com,Social Worker,Language Courses,USA,1,43,69175.19403,6039.594519,0,42408.02625,57778.0729,58239.07629,24418.43955,40756.44016,71280.23276,589760.5758
Lamar Hensley,erat@pedeac.co.uk,Lawyer,Adult Education,USA,0,35,84171.16719,12719.64415,0,41451.71843,31987.05809,41951.80635,1239.829435,11927.98883,50141.20706,357399.2164
Solomon Atkinson,Aliquam@laoreet.net,Accountant,Associate Degree,USA,0,43,45721.66835,14250.52398,0,42592.88647,15678.32633,73029.64342,96233.80901,76879.94753,74986.01493,758801.2554
Dean Snider,tempus@sit.ca,Accountant,Language Courses,USA,0,35,54355.7595,10008.76797,0,34521.17618,51672.81657,12419.74933,64716.62509,98271.12282,83095.30122,689393.5824
Vernon Kidd,sapien.imperdiet.ornare@vitaeerat.edu,Social Worker,Apprenticeships,USA,1,34,77206.48386,8493.098575,0,42213.69644,39083.91497,44770.40132,75003.48344,46635.2281,6690.61751,508794.6835
Dolan Clayton,justo@est.ca,Sales Representative,Postdoctoral Research,USA,0,48,57005.18595,12416.79083,0,41913.53713,45047.51698,1966.101923,91930.77139,53837.37945,52837.54553,575065.7048
Marvin Deleon,lectus.Nullam@congueelitsed.ca,Engineer,Tutoring and Coaching,USA,1,53,65809.10782,4820.839445,0,59416.18101,82540.40581,23692.03488,56983.18792,98815.82716,55881.17056,754657.6147
Merrill Bailey,natoque.penatibus@nislsem.net,Artist,Military Education and Training,USA,0,47,65468.1442,7248.54142,0,51402.61506,90317.04379,68488.10957,49041.24147,30983.00998,56843.87405,694151.7878
Adrian Brock,Cras.lorem@nonvestibulumnec.net,Construction Worker,Technical Certifications,USA,0,54,60991.82443,7329.22851,0,54755.42038,7377.131094,54850.51297,65312.50983,93618.64637,51568.50744,654965.4562
Rigel Craft,diam.eu.dolor@Proin.com,Plumber,Online Education,USA,0,51,61809.07451,2620.079459,0,47143.44008,10628.00721,96164.90058,91853.05041,53148.48297,90127.84842,778131.4594
Chaim Lewis,luctus@ut.org,Accountant,Bachelor's Degree,USA,0,59,66905.47644,10077.49592,0,64391.68906,86197.26167,11605.7188,41039.74617,57738.74807,90528.39536,703003.1183
Kyle Evans,magnis@vitaenibh.org,Doctor,Special Education,USA,0,49,65131.25015,6206.922109,0,37252.55194,803.221136,10657.35425,82823.03405,43535.78826,62072.26283,474288.4249
Ulysses Craig,sit.amet@orci.ca,Journalist,Educational Workshops and Seminars,USA,1,51,83626.30783,8458.749819,0,52665.36511,56378.02774,65382.43911,19326.57525,53978.85481,80060.56953,655583.6631
Nolan Nixon,arcu@etultricesposuere.co.uk,Dentist,Vocational Training,USA,0,40,64328.27892,13860.43821,0,44001.20706,94894.79498,44437.87037,47411.85905,49161.0256,59113.30955,678040.1332
Oren Rosario,ultrices.Vivamus.rhoncus@lacusMauris.net,Firefighter,Adult Education,USA,1,53,69255.98753,18361.24915,0,51551.67997,16273.78664,43498.07347,49796.96639,64083.96252,11894.72981,474198.3976
Hector Bowers,eget@Morbiquisurna.co.uk,Architect,Online Education,USA,1,45,60575.12604,8088.344365,0,38243.66481,41401.61494,55625.75187,61928.71167,76439.65073,36149.34024,619577.4685
Tate Molina,erat@sitamet.ca,Veterinarian,Educational Workshops and Seminars,USA,0,45,63729.12568,12507.19736,0,39766.64804,22005.71502,60357.67699,64326.57781,49121.61428,29009.22897,529174.9222
Julian Alexander,Integer.id.magna@consequatenimdiam.co.uk,Sales Representative,Postdoctoral Research,USA,0,37,64315.73671,14871.36126,0,40077.57289,49038.9462,14675.66819,41296.69434,68858.18226,96943.93008,621781.9879
Lucian Medina,rutrum@temporbibendum.com,Graphic Designer,Language Courses,USA,0,43,51419.01644,9026.061543,0,33131.52734,88039.44218,68943.8351,61134.61098,17290.23078,7148.890406,551377.0736
Todd Bass,Lorem.ipsum.dolor@et.edu,Mechanic,Non-Degree Programs,USA,0,48,53870.48483,14720.53399,0,48622.66097,29973.33836,3583.794047,21521.62492,95837.09713,46388.21628,491853.4634
Mannix Snow,elit@euismodenim.net,Doctor,Postdoctoral Research,USA,0,49,56895.23153,9851.578109,0,47693.23482,20895.82731,91543.39217,46906.01644,70909.5205,34886.53212,625669.0467
Benedict Serrano,blandit.viverra@mollisDuis.co.uk,Financial Analyst,Secondary Education,USA,1,48,52534.20778,7583.753853,0,39410.4616,63973.17049,34753.17791,36697.84603,89603.82276,78441.18562,685759.3288
Yoshio Potter,fringilla.cursus.purus@dolorvitae.ca,Sales Representative,Postdoctoral Research,USA,1,45,52632.97124,12348.67783,0,33428.40183,62808.5253,72874.96633,18773.70519,57490.5188,11409.31245,513570.8598
Stone Koch,facilisis.Suspendisse@Duissit.ca,Pilot,Bachelor's Degree,USA,1,43,42375.21424,6062.60136,0,32700.27871,95158.68277,12275.89147,41388.97961,8531.321167,99716.16453,579542.6365
Elliott Horne,sollicitudin.adipiscing.ligula@Sedeu.co.uk,Construction Worker,GED (General Educational Development),USA,0,62,65617.29175,14392.28833,0,62864.43011,95595.0205,36724.41143,73209.67736,23334.80366,91906.09998,767268.8861
Tanner Johnson,blandit.at@vulputateullamcorpermagna.org,Carpenter,Online Education,USA,1,46,49398.74439,6994.617316,0,29425.83001,10052.50424,43188.61213,63248.15701,24136.38239,44479.37783,429061.7272
Gabriel Carson,et@venenatis.co.uk,Architect,GED (General Educational Development),USA,0,51,63869.64928,12860.65824,0,44418.60955,68984.0564,10171.32961,73469.55544,4407.293928,61786.0161,526473.7221
Cain Love,est.mollis.non@placerat.com,Nurse,Distance Learning,USA,1,44,60871.18248,4397.947571,0,36645.5609,44374.31231,45008.83395,97631.14047,69715.2317,39936.53716,666623.233
Barry Larsen,Praesent.eu.dui@bibendumsed.com,Journalist,GED (General Educational Development),USA,0,57,68090.5087,6181.970908,0,53655.53859,46103.11035,6246.02295,46840.51575,89237.64737,64570.72163,613307.1133
Lawrence Ryan,condimentum@duilectus.co.uk,Graphic Designer,Adult Education,USA,0,60,54122.87827,15164.87506,0,45977.12502,17764.08322,89578.98706,18744.38351,62631.46678,323.4334609,470038.9581
Allen Burke,eu.ultrices@In.edu,Social Worker,Non-Degree Programs,USA,1,39,59316.93704,12296.34158,0,38504.39444,53184.85975,67467.40561,49721.62623,83096.5471,5417.231656,594784.1296
Nero Morgan,non.sapien@seddictumeleifend.edu,Electrician,Distance Learning,USA,0,61,38779.18396,12758.89583,0,47935.9394,58932.39037,60576.93368,37963.38633,51674.76189,77970.23158,670107.2865
Reuben Holden,pede.nonummy@Vivamusnonlorem.co.uk,Mechanic,Doctorate (Ph.D.),USA,1,50,88292.73205,10799.1381,0,60222.22672,25214.20345,77365.22407,58859.63575,39160.33737,48447.58677,618538.4283
Orson Hyde,gravida.sit@eget.net,Graphic Designer,Military Education and Training,USA,1,37,68688.40199,15796.31838,0,38930.55234,34267.67128,51550.43451,20658.88915,89697.43652,96242.43239,662694.8324
Nolan Conner,feugiat@felisNulla.org,Marketing Manager,Associate Degree,USA,1,45,51906.85022,13686.96935,0,27810.21814,15525.64618,73891.40832,7059.077914,38454.40148,14745.56823,354972.6405
Stuart Reed,elementum@SeddictumProin.net,Librarian,Online Education,USA,1,50,52373.79446,11347.62967,0,47604.34591,37717.2669,14287.75695,45055.96148,83982.09619,80833.10657,618961.068
Rashad Harper,auctor@arcuimperdiet.ca,Librarian,Apprenticeships,USA,0,32,73768.12453,8132.073716,0,42356.6895,3977.817186,43213.28858,15916.13872,90310.26839,35285.05616,462118.5171
Dieter Delaney,sit.amet.risus@ipsum.ca,Psychologist,Vocational Training,USA,0,34,55576.84068,9396.008371,0,31300.54347,96121.5363,86112.05085,66484.99346,24887.93582,54010.42387,717834.9675
Hop Farley,in@et.co.uk,Electrician,Associate Degree,USA,1,45,59689.81438,14862.84011,0,42369.64247,25899.28303,20501.42278,80964.66584,88176.4954,28750.69786,573324.4148
Darius Herring,imperdiet@sem.edu,Nurse,Master's Degree,USA,0,50,55381.53225,5088.239017,0,31837.22537,47965.80361,46461.48755,80300.57658,42102.44695,99420.19749,696175.4751
Baker Saunders,Aliquam.nisl@hendreritidante.org,Psychologist,Postdoctoral Research,USA,0,51,34154.77654,5316.010491,0,26499.31418,24515.46568,99790.81783,7725.054442,44780.32171,82431.09376,571484.1352
Kermit Fuentes,ac@sedpedeCum.org,Psychologist,Educational Workshops and Seminars,USA,0,53,54382.7481,6940.056371,0,38172.83602,35908.78391,59719.82401,45205.50824,80065.40708,61095.84847,640336.4155
Marvin Garner,in@sed.org,Accountant,Distance Learning,USA,0,34,65919.59731,7594.363993,0,39433.40631,69073.99002,13341.37405,7401.326451,5957.868821,17203.98935,304823.91
Sebastian Marks,et.eros@feugiatmetussit.net,Nurse,Undergraduate Education,USA,0,56,39488.45582,10992.33383,0,37714.31659,3847.072634,5909.301903,23110.44018,43792.66973,23160.52504,275068.6521
Hector Price,Aliquam.nisl@semegetmassa.co.uk,Journalist,GED (General Educational Development),USA,1,57,72637.84482,14938.50613,0,57125.41541,86731.7134,77208.02049,55811.89795,66868.26556,46722.10943,780934.8445
Holmes Irwin,Nunc.sed.orci@Namligulaelit.net,Architect,Bachelor's Degree,USA,1,48,67247.07698,9851.689538,0,46453.34819,21314.76035,73878.78871,89815.22446,25855.87954,47430.90724,609497.817
Trevor Faulkner,ut@vitaesodales.net,Pilot,Technical Certifications,USA,0,40,71271.84407,13122.45694,0,43855.06077,45489.26515,37248.98095,90718.10319,93783.05565,43099.07977,708387.091
Gannon Nguyen,et.rutrum.eu@congue.net,Firefighter,Online Education,USA,0,50,71693.44742,14421.48298,0,55592.70383,88990.80776,45933.33586,42995.69951,76773.00814,49042.73826,718656.5867
Quentin Randall,Fusce.aliquet@egetmassa.co.uk,Carpenter,Bachelor's Degree,USA,0,47,57860.53103,7146.192574,0,42484.02283,22444.36603,49848.86314,24010.9373,43917.75736,19036.78972,403485.4728
Baker Norton,convallis@purus.net,Librarian,Online Education,USA,1,39,69142.08412,8707.511532,0,40879.19107,58347.97499,73850.98654,39154.89927,53614.86095,27372.82359,586441.4728
Hakeem Mendoza,Maecenas@scelerisquelorem.ca,Architect,Tutoring and Coaching,USA,1,36,52477.66494,12071.41684,0,20653.21409,60308.37022,92209.01195,16997.86134,23496.34342,74772.36516,576874.3324
Peter Maynard,vel.est.tempor@egetvenenatisa.com,Construction Worker,Apprenticeships,USA,1,44,47592.04749,13167.65763,0,35438.80549,39709.77348,68636.60858,47986.18358,47137.54141,91851.20228,661520.2296
Devin Humphrey,sodales.Mauris@ametornare.ca,Artist,Bachelor's Degree,USA,0,47,48123.36983,921.5340234,0,36112.79346,58473.66674,79605.49092,45974.32203,15263.92199,85816.69834,642493.787
Isaiah Harding,pede.blandit@disparturient.net,Teacher,Technical Certifications,USA,1,33,76916.41515,13923.96207,0,38182.30465,25790.80316,10612.16207,92851.69858,3120.075951,31062.20125,403238.4913
Graiden Powell,pellentesque.tellus@faucibusidlibero.com,Pharmacist,Vocational Training,USA,1,42,65714.46469,12557.08133,0,41026.02421,32023.01608,72326.54215,87995.17306,58778.88261,32391.69465,649082.6655
Chancellor Padilla,pharetra@nuncsedlibero.edu,Artist,Special Education,USA,1,47,40346.06491,11505.89906,0,27889.95197,90158.03039,42744.98891,95761.07339,67756.30891,29495.27291,707611.2529
Philip Barnes,senectus.et.netus@nibhDonecest.net,Sales Representative,Preschool,USA,0,40,71148.20248,7917.65097,0,43724.4896,39237.10015,47002.34311,67128.60342,31048.50221,21596.05977,499474.1965
Cameron Cash,auctor@ipsum.org,Pharmacist,Tutoring and Coaching,USA,1,54,81757.66856,7500.778414,0,57430.76903,81967.70182,61626.48653,81648.79294,97194.06597,89889.89661,939515.4258
Eric Green,arcu.vel.quam@magnaPraesentinterdum.co.uk,Psychologist,Military Education and Training,USA,0,38,64867.14911,13962.95284,0,41104.07108,4512.792417,27154.30819,1612.877586,43351.51437,95988.92325,427448.9738
Tanek Koch,blandit@nunc.org,Chef,Language Courses,USA,0,40,70051.94033,4701.316175,0,49050.85378,97172.7717,14582.95583,76294.14992,36374.45516,6895.899744,560742.1723
Alan Browning,purus@Sed.ca,Lawyer,Tutoring and Coaching,USA,1,45,62043.16623,4980.668295,0,41265.52929,78287.39796,95691.94298,68044.84826,92313.01418,62091.95055,875389.3664
Phelan Montoya,magna.tellus.faucibus@etmalesuadafames.co.uk,Police Officer,Doctorate (Ph.D.),USA,0,51,85186.48921,12413.0319,0,64545.16339,96153.90845,78973.55588,90374.00623,92423.43636,37479.39789,919898.9364
Chancellor Patel,metus.eu.erat@suscipitnonummy.com,Doctor,Primary Education,USA,1,38,47127.41632,10221.15388,0,29052.09521,46009.19265,17965.25888,77839.90364,1144.493637,52063.27529,448148.4386
Palmer Cohen,non.leo@mollis.net,Accountant,Special Education,USA,1,34,61177.08698,9837.222432,0,30719.8156,5708.556809,48280.18723,14022.19245,76885.89582,67483.94521,486201.1862
Ahmed Wright,consectetuer@auctorodio.com,Pharmacist,Vocational Training,USA,1,50,57770.36488,8628.434025,0,38763.11306,74000.20402,93551.441,67422.64058,86392.62194,95656.78153,911573.6043
Burton Carroll,rhoncus.id.mollis@Maurisvel.org,Construction Worker,Non-Degree Programs,USA,0,42,60432.40367,11417.46257,0,39331.20127,63381.78317,11211.40168,48740.99251,78599.42452,36764.0013,556057.6089
Nero Miranda,semper@vulputateposuere.net,Librarian,Preschool,USA,1,33,58999.88858,6904.420412,0,32608.45468,36314.12231,36122.52553,25266.14079,78914.77578,10199.49335,438851.0249
Ali Strong,dis.parturient.montes@eratvel.com,Carpenter,Technical or Trade School,USA,1,56,62645.95516,11431.22966,0,58045.56257,6491.56143,50549.54777,41381.1049,61655.49113,79740.81997,595728.1755
Nasim Ryan,est.congue.a@convalliserat.net,Dentist,Preschool,USA,0,57,68782.15718,9810.75269,0,54387.27727,95746.02249,57950.97208,8557.714578,70437.14594,77462.08221,729082.4291
August Duncan,tempor.bibendum@Nuncpulvinar.co.uk,Marketing Manager,Non-Degree Programs,USA,1,37,67545.96382,7171.466112,0,36638.20688,16097.49541,50035.4985,52607.88774,74773.69312,16300.20956,492905.9824
Kieran Gilliam,ac.nulla@consectetueripsumnunc.co.uk,Firefighter,Technical or Trade School,USA,0,51,42415.48867,5205.008323,0,39522.13129,61033.7958,9361.764615,32677.58762,14244.47,29001.40097,371682.3006
Stone Hunt,convallis.erat@eratvel.org,Journalist,Non-Degree Programs,USA,0,63,44617.98314,9683.735879,0,42978.34626,120.1297807,15827.12663,58533.93192,41345.18244,66499.53221,450608.4985
Malachi Henson,adipiscing.elit@Nunc.com,Lawyer,Homeschooling,USA,1,53,72226.5603,5817.153854,0,60865.76396,42247.55134,28793.90541,52173.45835,49452.78699,56947.8913,580962.7147
Seth Massey,in.aliquet@fermentumvel.com,Artist,Primary Education,USA,1,51,48958.90535,2418.86434,0,46380.44732,99223.33395,75138.8067,32030.56183,1562.858387,67900.36441,644472.7452
Ulric Robles,fringilla@ornare.edu,Architect,Undergraduate Education,USA,1,48,86067.83527,9181.06743,0,56579.90338,72044.87145,81970.95242,61754.18925,11924.25591,52638.28818,673824.9212
Gannon Marquez,Aliquam@porttitor.net,Sales Representative,Bachelor's Degree,USA,1,41,65554.4018,12026.57975,0,42774.35579,4930.033427,5343.077665,7354.781329,96050.79361,71196.26976,455298.6231
Marshall Armstrong,ipsum.cursus.vestibulum@a.com,Pharmacist,Homeschooling,USA,0,39,69248.4953,6445.784981,0,37879.65385,37870.80137,89742.2879,50288.50832,7756.988033,16924.84646,480926.1719
Christian Huffman,dignissim.Maecenas@tinciduntnuncac.co.uk,Lawyer,Non-Degree Programs,USA,0,45,59331.23555,10027.53449,0,45208.42539,40664.39225,92953.5238,62890.62542,63508.97465,66958.79921,744369.4814
Gil Sanders,eu.ultrices@cursuset.net,Carpenter,GED (General Educational Development),USA,0,70,52323.2448,12438.85648,0,56229.4127,54427.5158,50517.55731,90506.56798,13200.60563,4913.145757,539589.6104
Otto Thomas,orci.tincidunt.adipiscing@erat.edu,Graphic Designer,Special Education,USA,0,51,63552.85175,9347.50353,0,50455.11935,89543.1554,8574.680658,46898.07457,99962.33169,64073.87607,719014.4755
Moses Blackburn,et.malesuada.fames@musProin.edu,Doctor,Adult Education,USA,0,51,75116.10613,5969.666602,0,49721.31082,42600.10273,19495.6753,65460.25891,27892.01085,33367.05252,477072.8222
Drake Chen,enim.commodo@consequatenimdiam.com,Construction Worker,Continuing Education,USA,0,42,38284.02013,15467.78745,0,31696.99679,3638.907035,7759.475753,36134.36415,30099.6928,65954.86044,350568.5939
Christian Hernandez,dolor@vehiculaPellentesque.co.uk,Lawyer,Tutoring and Coaching,USA,1,50,55293.50777,9465.090098,0,49220.0218,11357.59937,89925.54777,5469.738799,77520.88817,83258.96604,633505.5239
Jelani F. Pace,Morbi@atarcuVestibulum.co.uk,Architect,International Baccalaureate (IB),USA,1,40,63210.76235,3657.863218,0,46188.83514,60013.86015,82836.27832,76083.35521,11551.06905,59928.7167,673204.2291
Tiger I. Melton,rhoncus@nisl.net,Software Developer,Vocational Training,USA,1,44,54918.38749,8920.385015,0,36086.93161,34859.1228,53499.7762,98139.86353,32681.15401,85219.83718,680973.3707
Quail D. Horne,sit.amet@FuscemollisDuis.org,Veterinarian,Postdoctoral Research,USA,0,52,57262.79581,7793.073201,0,43264.04965,86603.61041,43992.48729,79843.33906,99684.49728,42826.56731,792429.102
Hammett A. Manning,sapien.cursus.in@netus.edu,Architect,Apprenticeships,USA,1,41,72299.9501,11544.93385,0,40660.38317,74527.75593,34846.33542,66172.42259,91564.23928,60723.12497,736988.5227
Lamar V. Guthrie,vel@arcuVestibulumante.com,Electrician,Secondary Education,USA,0,57,50241.48985,14817.70896,0,51683.60859,63544.82573,36119.51231,60886.82221,11967.89967,97332.98918,643071.3154
Abra D. Golden,odio@Duis.com,Construction Worker,Online Education,USA,0,54,65834.56889,15353.25774,0,44525.02085,17673.11229,93392.66755,14307.26619,23737.10661,46390.04074,480050.4284
Vaughan L. Mathis,eu@iaculis.org,Plumber,Technical or Trade School,USA,1,50,60382.17885,11302.88277,0,48518.90163,8094.903176,67349.03774,48080.69769,23356.67314,32055.89812,454912.223
Alfreda V. Harrell,molestie@mi.net,Artist,Special Education,USA,1,37,68691.17086,16305.78907,0,45805.30588,53899.71608,4860.997949,24605.61193,38614.16835,67146.0394,469863.6792
Nora X. Decker,non.enim@diam.org,Journalist,Undergraduate Education,USA,0,52,65446.65687,8491.586154,0,54850.38742,11624.27273,9303.42447,18669.84764,9934.044376,94427.29439,397618.542
Jeanette Q. Leach,vitae@nisl.net,Pilot,Undergraduate Education,USA,0,43,42978.34284,8884.11069,0,32478.44758,40284.66348,43420.10629,76646.4032,47661.22087,85515.27518,652012.2332
Keiko O. Whitaker,est@porttitortellus.com,Dentist,Non-Degree Programs,USA,0,52,58143.06285,9686.119304,0,42209.28948,16378.47771,95507.98058,82400.59934,39103.63102,63513.80291,678227.5621
Hector F. Leblanc,Curabitur@maurisaliquameu.net,Architect,Technical or Trade School,USA,0,64,61666.2852,11672.72382,0,55125.93237,40246.60169,97244.30806,38811.51031,5244.89339,17003.50087,507353.4934
Emerald R. Cohen,in.consequat.enim@consectetuer.edu,Firefighter,Technical or Trade School,USA,0,51,64854.33966,3247.887523,0,47984.42062,77076.64376,85410.92589,74399.54017,302.6673444,26865.73727,624079.8701
Cathleen E. Ortega,lectus@aliquamenim.org,Nurse,International Baccalaureate (IB),USA,0,55,45757.15568,11207.01556,0,43405.89086,57860.45397,57037.19018,33456.31785,22006.05569,85536.56109,598604.9393
Velma K. Moses,augue.scelerisque@luctuslobortis.com,Artist,Tutoring and Coaching,USA,1,47,73096.50927,10743.793,0,44577.44829,47396.86549,96666.17557,92450.58369,33427.49022,91892.58815,812822.3028
Lael W. Sheppard,eu.metus@sodalespurusin.net,Construction Worker,Preschool,USA,1,36,67249.05932,12998.47232,0,37744.54285,34397.98806,44402.1468,77183.68086,7074.473396,5152.408631,411910.4812
Indigo P. Dejesus,quam.Pellentesque.habitant@felis.com,Marketing Manager,Technical or Trade School,USA,0,39,77165.81297,8737.20319,0,47805.25605,36154.86631,13530.68601,47606.40615,23225.24058,65623.4747,467891.8596
Quinlan S. Cantu,pede.Praesent.eu@Aliquam.net,Plumber,Secondary Education,USA,1,45,72316.18286,8728.916803,0,44846.68557,31271.34399,30900.18516,71346.64166,78331.63957,78945.52346,671284.0388
Mariam I. Montgomery,vel.mauris@accumsanneque.co.uk,Artist,Military Education and Training,USA,1,47,68431.27055,14088.90642,0,46643.26581,87279.46156,34408.17953,69254.65179,71669.39029,1834.244902,622178.3878
Pamela M. Cantu,posuere.enim.nisl@lectusNullam.ca,Mechanic,Apprenticeships,USA,0,47,62311.11641,9832.05731,0,56563.98675,75771.22572,2351.904151,25350.93701,25283.2815,14494.6321,399631.9344
Hanna C. Martinez,Maecenas.mi.felis@amet.co.uk,Software Developer,Military Education and Training,USA,0,60,53229.14547,10756.60888,0,41673.44617,31928.92606,75421.80858,69747.13308,1072.707946,31995.78648,503679.6166
Lynn S. Avery,dui.Suspendisse.ac@Sedegetlacus.net,Doctor,Undergraduate Education,USA,1,59,77662.1109,13444.89631,0,61118.46947,60329.63329,12633.112,91028.3314,67531.24591,7842.238111,600966.0604
Laurel H. Snow,dui.Suspendisse.ac@tacitisociosqu.org,Librarian,Language Courses,USA,1,36,69494.69783,20000,0,37303.56701,55717.05605,23469.29373,16684.89067,85921.43597,74388.24012,586968.9671
Keegan Q. Ramirez,aliquet@volutpatNulla.edu,Sales Representative,Associate Degree,USA,0,47,61063.35631,12066.26571,0,46892.26617,21779.23252,57539.89339,64724.66687,86515.58214,74565.5756,704034.4334
Shad K. Hancock,sit.amet@Proin.org,Software Developer,Primary Education,USA,1,38,79368.91741,13501.92659,0,56457.74038,59282.96497,47066.90717,2011.620274,78569.0609,53517.86826,593812.3239
Harding E. York,quis.lectus.Nullam@egestas.org,Police Officer,Language Courses,USA,1,42,61693.44352,10835.25736,0,45509.69732,72382.68476,74693.8948,67939.86113,25705.30761,33973.58031,640410.0519
Indira A. Aguilar,erat.Sed.nunc@aneque.ca,Architect,Educational Workshops and Seminars,USA,1,33,47211.66812,4295.225339,0,27625.44144,85249.45409,96122.64256,19866.1956,92508.86294,30933.91751,704613.0283
Bell K. Romero,non.sapien.molestie@rhoncus.edu,Accountant,Preschool,USA,1,39,69897.75291,9624.908869,0,46389.50237,36319.99526,50481.16489,544.7675879,43811.01957,80285.41125,515663.7219
Cassady L. Foreman,magna.Suspendisse@tincidunt.edu,Pharmacist,Tutoring and Coaching,USA,0,39,63675.93263,9631.974905,0,29002.05665,29099.60746,49001.06957,62471.69575,45712.92318,85046.97392,600668.653
Samson N. Wagner,magna@sagittisaugueeu.org,Firefighter,Doctorate (Ph.D.),USA,1,55,72302.03223,10813.75655,0,51355.7106,57066.55097,89021.2,84568.35224,77447.14937,53286.26361,825490.4536
Wade O. Diaz,vel.sapien.imperdiet@dolorsit.co.uk,Accountant,Associate Degree,USA,0,45,63687.4988,13421.36821,0,42011.19965,88203.75722,52817.60527,69832.5021,30704.89245,43566.1114,654272.1362
Len B. Finley,dis@dis.edu,Software Developer,Language Courses,USA,1,51,63678.15468,5011.615145,0,52654.40455,63174.57447,64160.11425,55143.21638,59364.01403,86524.09178,762040.8309
Emerald U. Hanson,dui.quis.accumsan@pedeCrasvulputate.co.uk,Software Developer,Language Courses,USA,0,49,77435.46545,6922.152838,0,44432.71747,37681.74638,97802.26532,64503.11968,83668.82078,76975.82095,810128.9811
Cody G. Gill,sagittis.Nullam@acrisus.com,Nurse,Online Education,USA,1,46,62721.40514,16127.56619,0,46054.60253,67124.29569,49782.3704,9903.209994,51114.52716,96674.92137,641307.8543
Kyle R. Kaufman,Morbi.vehicula@mattis.org,Marketing Manager,Technical or Trade School,USA,1,53,70842.83518,9536.899689,0,58235.41454,43197.4421,39267.01701,57177.40661,59026.74182,15147.61175,544103.2677
Drake D. Gray,orci.consectetuer@porttitor.com,Social Worker,Homeschooling,USA,1,39,55285.98625,17462.07506,0,42990.29255,73583.44289,14.34996162,4010.135555,65076.86901,32298.69263,435947.5652
Honorato M. Butler,Cum.sociis.natoque@purus.ca,Marketing Manager,Educational Workshops and Seminars,USA,1,43,72002.0552,14709.65824,0,50702.18103,43529.72193,56265.62217,8255.073697,41523.61263,71377.70329,543307.8295
Tate C. Foster,dignissim.magna@Maurisvel.edu,Artist,Doctorate (Ph.D.),USA,1,70,41434.51258,6810.555606,0,47009.57741,19670.48931,8116.252197,29268.96925,88387.47257,1949.767613,388805.0567
Zelenia L. Lowe,Nunc.mauris.elit@Curabiturvel.edu,Journalist,Professional Degrees,USA,0,51,60404.38394,4198.839128,0,49399.97041,26530.41726,3851.157111,18184.83712,33474.70384,20466.40716,303814.9858
Callum U. Sweet,sem.ut@odio.edu,Electrician,Technical or Trade School,USA,0,52,65239.06468,7437.211028,0,42997.16761,31454.31463,40107.76825,41705.81019,64167.16024,98712.10649,638288.6548
Zane I. Boone,blandit@Cum.edu,Accountant,Undergraduate Education,USA,1,45,62939.12851,632.0528524,0,44434.98419,37172.83827,28420.49033,42347.81133,18960.36098,86043.34773,514759.6656
Timothy J. Terrell,orci@lobortis.com,Architect,Technical Certifications,USA,0,48,60608.40313,8233.280719,0,46325.50959,87663.63117,18971.15728,31321.50223,73313.52179,59342.85437,633876.3529
Zahir A. Estes,eleifend.vitae@Pellentesquehabitantmorbi.ca,Nurse,Primary Education,USA,1,48,56118.39601,9242.775995,0,46846.7305,65919.81704,85675.49027,2380.287055,10863.5307,86372.04592,596115.803
Michelle W. Ryan,ante.lectus@duiCum.net,Nurse,Vocational Training,USA,0,48,86706.33333,9653.26498,0,56499.10202,19362.44635,33691.74855,26042.31907,59005.6842,17791.11318,424784.8267
Serena B. Moody,vitae.risus.Duis@hymenaeos.edu,Veterinarian,Technical Certifications,USA,1,57,41236.36497,9399.342975,0,42773.75905,78851.45788,13084.15358,34033.59205,60927.27259,18495.02056,496330.5114
Mark V. Vaughn,Morbi.vehicula@ac.net,Nurse,Non-Degree Programs,USA,1,46,77146.27598,7903.33495,0,52313.98392,94656.37802,22182.26712,92100.46783,79955.90917,19680.88706,721779.7862
Anjolie A. Galloway,consequat.nec.mollis@nec.ca,Social Worker,Homeschooling,USA,0,44,56437.30404,10461.98276,0,34139.6373,51210.48385,31499.04366,54090.52929,50563.43807,68238.46598,579483.1963
Kylee O. Warner,cursus.in@neque.co.uk,Veterinarian,Doctorate (Ph.D.),USA,1,65,70703.85013,5025.365518,0,60763.24731,87884.70774,60750.41504,92009.08364,84279.4519,24846.87978,821067.5708
MacKenzie O. Fowler,Aliquam.nec.enim@nec.co.uk,Pilot,Apprenticeships,USA,0,57,69810.46265,4684.556433,0,66158.69494,96159.08929,39102.0229,44252.26087,50155.2508,42619.17184,676892.9813
Lana S. Pace,augue@orci.com,Pharmacist,Military Education and Training,USA,1,47,54279.39597,5699.184814,0,31215.6421,36901.41159,11194.2897,92002.82741,17557.54728,91339.41564,560422.2675
Wilma L. Stevenson,non.vestibulum@consectetuer.ca,Software Developer,International Baccalaureate (IB),USA,0,36,70334.42787,9823.218967,0,46135.27233,46857.92391,22204.72602,22763.46561,63338.30565,74202.30873,551004.0045
Sandra J. Huber,enim@famesac.org,Pilot,Homeschooling,USA,0,57,59168.00751,10474.44187,0,56973.18105,16677.33534,82461.10814,95573.74417,62507.15106,6099.669353,640584.3783
Octavius C. Spencer,Curabitur.consequat@miDuisrisus.com,Mechanic,Homeschooling,USA,0,33,61889.61618,12024.48457,0,24184.07443,5316.752215,41751.12403,42729.94959,24187.97452,85151.31855,446642.3867
Brendan G. Kelley,vel@lorem.org,Artist,Bachelor's Degree,USA,1,43,66013.95174,7039.540023,0,49079.61942,7929.865157,60748.79181,70147.05439,94080.5346,80168.59091,724308.9126
Shaeleigh M. Mckenzie,diam.lorem.auctor@estmollisnon.net,Nurse,Professional Degrees,USA,1,46,55434.04046,18693.14652,0,37093.92033,68129.60991,19693.37219,87589.47004,41987.14231,5.32451906,508997.6786
Rooney R. Padilla,eu.turpis@accumsansed.co.uk,Electrician,Technical Certifications,USA,0,45,68499.69447,15436.79968,0,43401.56612,38670.79484,87337.28143,39542.8503,34332.33081,58614.02206,603797.6911
Damon K. Boone,nec@ad.net,Plumber,Master's Degree,USA,1,43,54749.88645,7631.687821,0,29092.1311,93247.84273,3217.084099,78041.08426,46397.76097,60454.81123,620901.4288
Taylor A. Patel,erat.vitae.risus@temporarcu.edu,Architect,Master's Degree,USA,1,38,74590.25495,5614.004976,0,48349.16457,25363.14599,44741.77753,17868.97669,63279.82337,31752.94361,462711.6635
Lillith H. Larsen,dignissim.lacus.Aliquam@maurissapien.com,Electrician,Non-Degree Programs,USA,1,40,67772.66646,6887.248301,0,33261.00057,13839.95421,27233.46079,28411.18849,47471.18019,93632.63119,487698.8309
Tobias L. Sullivan,tempus.non@nasceturridiculus.ca,Lawyer,Non-Degree Programs,USA,1,43,62563.57825,6130.305181,0,41327.16554,24030.45853,59681.62124,70756.82512,87637.66555,25544.54733,617956.5666
Quincy Q. Ayers,nisl.Nulla@Donecelementumlorem.net,Pilot,Adult Education,USA,0,42,70361.01504,12024.72511,0,49336.11628,76717.48852,93368.56023,4978.911911,26008.38954,19481.73503,539782.403
Ulysses X. Burch,Sed.nunc.est@arcuMorbi.edu,Software Developer,Language Courses,USA,0,51,74810.89471,13658.34201,0,51405.55229,61496.30659,33216.52694,42175.54149,36463.4585,37787.73632,525090.2443
Jorden I. Whitley,turpis@orci.com,Dentist,GED (General Educational Development),USA,0,38,49346.405,5827.820346,0,31249.98803,63749.80232,38079.01049,51811.81698,64782.53928,17692.30188,534730.918
Heather G. Goodwin,semper.egestas@maurissapien.co.uk,Librarian,Special Education,USA,1,41,73426.08521,14822.79645,0,43598.96993,70062.92617,32430.63426,59859.15324,65683.80639,73360.17911,689991.3382
Yardley W. Jacobson,enim.non.nisi@Ut.net,Carpenter,Military Education and Training,USA,1,54,47684.46306,10128.76114,0,48300.02057,49898.3737,12733.66712,36131.38172,10662.34183,86339.79579,488131.1615
Gray F. Walker,lobortis.Class.aptent@iaculis.com,Librarian,Secondary Education,USA,0,45,72939.83195,7787.204492,0,54013.47595,29447.50099,96967.68358,21107.82468,18803.03093,84781.72453,610242.4813
Piper S. Houston,risus@enimconsequat.org,Software Developer,Bachelor's Degree,USA,0,41,72277.82609,13580.87747,0,38674.66038,44216.57609,63238.04694,15165.20175,30331.59655,32.45119511,383317.0658
Chester X. Carrillo,tempor.erat.neque@ac.com,Librarian,Educational Workshops and Seminars,USA,1,40,53921.33351,9046.18109,0,37076.82508,8289.015689,82706.98387,18484.63985,54801.08527,26494.46188,455706.0233
Nathaniel P. Stephens,Cras.dictum.ultricies@conubia.ca,Financial Analyst,Educational Workshops and Seminars,USA,0,32,65312.96755,11398.82486,0,37947.85125,27383.21479,57010.65044,19503.56152,15879.87484,90702.93641,496856.1785
Jennifer C. Williamson,rutrum@fermentumconvallisligula.ca,Electrician,Distance Learning,USA,0,54,55619.34152,11212.43791,0,41320.07256,90497.09231,72914.01819,79158.12878,14585.83464,10434.30561,617818.9042
Rae C. Hodge,lacus@massaSuspendisse.ca,Sales Representative,Doctorate (Ph.D.),USA,0,55,70914.59993,9644.41026,0,66888.93694,79838.89288,12433.65042,64889.50085,23544.17468,82597.09544,660384.5024
Urielle M. Contreras,elit.Aliquam.auctor@dolor.org,Software Developer,Preschool,USA,0,35,33422.99683,8570.611562,0,12536.93842,43545.7392,92525.50268,7910.404823,21032.11766,97573.62678,550248.6591
Mechelle W. Stanton,Pellentesque.habitant@auctorquistristique.org,Pharmacist,Preschool,USA,0,46,53382.42693,5055.43571,0,39549.13039,46586.62735,20204.54925,46452.37991,98865.97159,71845.60479,647008.5266
Leila F. Hubbard,ultrices.posuere.cubilia@magnisdis.com,Electrician,Undergraduate Education,USA,1,45,74173.39239,11315.59626,0,52709.08196,72915.77245,81273.00629,185.1355294,70147.65284,56392.11616,667245.5305
Tanisha H. Foster,sem.vitae@malesuadafringillaest.net,Teacher,Preschool,USA,0,50,53587.12801,8501.49728,0,53502.97742,92634.56317,44198.71492,81239.10211,88401.94212,77569.32549,875093.2505
Hammett F. Marsh,tempus.scelerisque@maurisaliquam.ca,Dentist,Doctorate (Ph.D.),USA,1,54,58011.6339,9822.426192,0,52116.90791,76692.43587,92910.67628,30216.25816,32818.01324,7703.635625,584915.8542
Calvin A. Lancaster,ante.bibendum.ullamcorper@fringilla.net,Police Officer,Tutoring and Coaching,USA,1,29,69171.95281,6354.833826,0,38705.65839,99584.53822,91302.29211,54195.0167,62449.844,7829.347663,708133.3942
Rachel H. Ballard,ipsum.leo.elementum@amet.org,Pharmacist,GED (General Educational Development),USA,1,56,66779.91374,14300.12614,0,48025.02542,99366.01783,26576.3805,40135.58949,22415.04811,11161.95041,495360.0235
Solomon P. Randolph,orci.luctus.et@lacus.com,Accountant,Non-Degree Programs,USA,0,54,79173.0767,6913.05683,0,59483.91183,75706.7362,51157.98536,55472.6189,51050.21046,70447.67639,726638.2783
Kasimir Q. Cherry,risus@in.net,Electrician,Primary Education,USA,0,33,63065.12164,8907.661779,0,35911.64559,53317.09847,54918.07528,41446.76666,89579.02364,95332.02959,741009.2785
Dominic I. Faulkner,pharetra.Nam@sociisnatoque.org,Software Developer,Distance Learning,USA,0,48,65530.36401,8774.069514,0,41034.28343,92098.9516,48963.5398,98236.4945,89518.38724,88134.88356,915973.0803
Pascale I. Key,urna.suscipit@enim.ca,Sales Representative,Master's Degree,USA,0,49,63732.3931,12848.20061,0,51730.17434,37701.3567,44295.86175,85311.3981,47295.21448,73620.13485,679908.2804
Nola L. Sweeney,eu@necmaurisblandit.co.uk,Pharmacist,International Baccalaureate (IB),USA,0,55,62689.53964,8732.143355,0,53021.86074,43760.16344,3626.087727,83645.64037,4583.007941,99698.88425,576671.2889
Clementine X. Powell,quis.pede@Aliquamfringilla.ca,Lawyer,Preschool,USA,0,42,51539.93045,6932.950306,0,32828.03477,13554.9357,27925.45252,74977.88303,32136.11359,31726.06674,426296.9727
Quinlan U. Sears,magna@velarcueu.ca,Marketing Manager,Continuing Education,USA,1,41,59060.08664,5841.612044,0,29417.64694,70575.98006,50101.80329,92605.683,76141.06933,41646.15646,720976.6781
Odette Q. Sherman,Mauris.molestie@Intincidunt.co.uk,Librarian,Undergraduate Education,USA,1,53,62713.78149,11498.03993,0,57461.51158,36483.93486,34034.64261,84751.87201,62273.11383,62175.71097,674361.5717
Kirestin F. Yang,eleifend.egestas.Sed@tempus.net,Lawyer,Technical Certifications,USA,1,53,44747.66132,4975.144559,0,50441.62427,97759.70141,9071.998749,44828.6401,63198.40835,14284.69589,559170.1375
Colleen S. Mcguire,tincidunt@Proinsedturpis.edu,Sales Representative,Homeschooling,USA,0,44,65529.70333,3932.838165,0,41575.34739,43196.78057,95944.91305,33808.64451,52429.27571,391.5087959,534692.94
Dennis N. Thompson,vitae.erat@urnaNullamlobortis.ca,Chef,Adult Education,USA,0,42,62426.52379,6619.929677,0,46412.47781,91358.1301,51473.59284,29280.06721,11520.27286,85685.52668,631460.135
Lester J. Burch,Nunc.mauris@commodo.com,Marketing Manager,GED (General Educational Development),USA,0,41,73498.30715,3066.939924,0,47610.11718,31201.3325,97106.85382,9112.203238,15351.58807,92468.08967,585700.3689
Madeson R. Salinas,Cum.sociis.natoque@acnullaIn.edu,Psychologist,Online Education,USA,0,48,86565.15641,13701.79986,0,70878.29664,19823.85507,37185.59088,23419.68851,55800.67294,95394.65983,605005.5277
Abigail X. Lindsey,dui@nondui.ca,Software Developer,Professional Degrees,USA,0,63,46549.16329,640.045378,0,55543.38497,81120.96534,87072.76168,61887.36131,8648.518779,51163.16041,690872.305
Rachel E. Suarez,non.vestibulum.nec@euturpis.co.uk,Psychologist,Distance Learning,USA,1,59,70111.5398,7949.463649,0,53848.7555,45912.62635,22220.48768,93983.72489,16494.6487,61404.33579,587729.1578
Derek X. Richards,tincidunt@porttitor.com,Electrician,Language Courses,USA,1,45,66747.66857,9691.23462,0,39904.81613,87270.52299,3547.289966,20258.31999,14482.78934,96581.32503,524090.1269
Evangeline G. Cooper,Integer.id.magna@Sedidrisus.org,Firefighter,Professional Degrees,USA,1,47,72025.6768,6988.652757,0,44736.41097,63907.89595,15849.12858,30022.61435,15755.56439,76881.10631,494305.4411
Kieran G. Justice,in@Sed.co.uk,Architect,Adult Education,USA,1,49,70737.29383,13851.11162,0,46937.17422,81384.57929,48408.74984,2369.723064,76241.73561,17605.95452,545895.8331
Zenia H. Patel,dis@tortor.com,Pilot,Bachelor's Degree,USA,1,40,57455.7609,12186.02793,0,28440.81268,3004.877349,55889.48089,18644.40506,88677.78375,83130.18836,555575.0962
Michelle R. Burke,dui@justo.ca,Lawyer,Military Education and Training,USA,1,41,60657.59355,3331.304747,0,38148.00163,35374.63796,66803.62937,81200.77734,36812.05584,22584.12408,561846.4525
Florence U. Hunter,diam@tellus.org,Pilot,Postdoctoral Research,USA,0,47,50694.42707,10881.90102,0,42747.53925,89409.4157,45355.03015,94664.1149,21650.19942,44180.98893,676014.5767
Jelani A. Wall,aliquet@Duisa.co.uk,Electrician,Continuing Education,USA,0,27,55369.72784,10888.93494,0,29670.83337,49777.9597,92262.79461,26177.31522,56139.87254,23522.69015,555102.9312
"England, Abel D.",enim.commodo@parturientmontesnascetur.org,Carpenter,Master's Degree,USA,1,46,82425.64679,7525.252104,0,63038.20422,33959.11263,5136.899011,76912.44869,91013.98549,38484.59314,617090.4864
"Oconnor, Linus Q.",Donec.elementum@Fuscemilorem.co.uk,Sales Representative,Apprenticeships,USA,0,51,82094.10712,1065.607589,0,63248.76188,41244.05801,61616.71491,76194.17382,45197.06479,16927.91681,608857.3805
"Herman, Griffith P.",ligula.Nullam.enim@nibhlacinia.edu,Pilot,Special Education,USA,0,43,74090.51299,10877.69223,0,42321.56548,58198.6415,88712.74276,32318.59179,80527.1663,15927.91108,636013.2378
"Knapp, Quamar P.",Maecenas.libero.est@miacmattis.com,Pharmacist,Primary Education,USA,0,32,73935.74201,8253.583457,0,44463.30502,77496.55321,56693.46743,2406.756209,48318.19722,33411.91769,525580.3936
"Chambers, Avram C.",Nunc.pulvinar.arcu@ultricesaauctor.ca,Graphic Designer,Vocational Training,USA,1,63,75719.22986,10515.28135,0,67092.23276,17023.82636,75760.67775,76007.04625,5283.462777,20807.51215,523949.5161
"Cervantes, Rylee Q.",luctus.lobortis.Class@sitametdapibus.co.uk,Graphic Designer,Master's Degree,USA,1,35,47054.14246,7234.672092,0,22091.11839,41550.45033,34304.36988,97904.72816,10721.03767,55745.92188,524635.2526
"Ashley, Macon Z.",metus.Vivamus.euismod@arcuVivamus.co.uk,Sales Representative,International Baccalaureate (IB),USA,1,50,42003.01617,6052.844775,0,40022.17406,90552.47551,88871.03952,33292.78572,61245.70383,77291.07323,782550.5037
"Jimenez, Joel G.",faucibus.lectus.a@ut.net,Teacher,Continuing Education,USA,0,51,74418.55717,8632.699007,0,56071.61377,99004.89551,56534.5991,77630.59842,26454.07742,6335.677298,644062.923
"Bond, Caryn Y.",libero.Proin@acnulla.net,Graphic Designer,Secondary Education,USA,1,54,52786.1971,9246.813159,0,49442.12107,72176.7959,2984.00182,49314.3171,1436.383588,8177.02898,367061.2969
"Gross, Cedric D.",aliquam.adipiscing@maurissapien.edu,Electrician,Preschool,USA,0,37,78804.99824,12710.00309,0,42497.72862,82801.74714,414.4091641,14682.42668,80395.63153,64986.73788,571557.362
"Dyer, Aline L.",convallis@scelerisque.net,Nurse,Online Education,USA,0,44,66932.47176,11033.16277,0,37084.77621,66892.92115,78325.76237,58723.94138,95796.27987,60356.18117,794359.7243
"Rivers, Sonya A.",vel.lectus@Praesent.net,Journalist,Master's Degree,USA,1,57,56066.07685,5235.7599,0,51866.48719,6594.696265,48248.35374,75043.33194,56481.65371,96642.29455,669753.6348
"Frazier, Kai O.",Cras@quamelementum.com,Electrician,Apprenticeships,USA,0,47,48591.57177,14309.21115,0,35716.31133,52902.84718,74052.98483,98560.84483,85519.05961,17405.24946,728314.5945
"Bond, Nyssa S.",fringilla.euismod.enim@aauctornon.net,Financial Analyst,Primary Education,USA,0,52,38213.88844,11492.74174,0,39892.93343,59062.27001,51020.68894,68248.92077,38205.3814,7236.797499,527333.9841
"Rush, Jarrod T.",vestibulum.nec.euismod@netusetmalesuada.ca,Doctor,Preschool,USA,1,52,56444.76848,11932.73881,0,35781.16156,1455.805587,58428.56777,76806.46899,51090.35049,39658.06877,526440.8463
"Stephens, Tanner E.",egestas@turpisnecmauris.com,Dentist,Postdoctoral Research,USA,0,48,67080.6142,7880.423663,0,42866.21274,82524.44082,62972.08178,81121.76704,60389.45884,26595.42683,712938.7761
"Cameron, Kimberley P.",nec.tellus@lacinia.co.uk,Software Developer,Master's Degree,USA,1,55,83333.81054,9874.075327,0,80000,35659.14274,32300.56379,85248.47356,92679.45693,39425.13224,730625.5385
"Mcdowell, Victoria J.",risus.Duis@ornareFuscemollis.net,Financial Analyst,Apprenticeships,USA,0,47,73502.12458,11132.39299,0,60526.97788,69837.7404,62947.82162,9579.279706,82868.91898,566.7506919,572654.9785
"Dalton, Grant D.",velit@doloregestas.net,Psychologist,Distance Learning,USA,1,45,88816.02695,9317.22195,0,59758.73247,79354.09237,52683.2393,81103.63011,55440.4228,67169.38094,791018.996
"Gregory, Reuben Z.",fermentum@blanditviverra.ca,Chef,Doctorate (Ph.D.),USA,1,40,70381.37499,6718.857016,0,39606.24598,6205.013904,33564.45017,56525.38266,787.0188107,30797.24148,334970.706
"Schultz, Lee I.",velit.eget.laoreet@quis.ca,Artist,Professional Degrees,USA,1,47,67647.74764,8767.783547,0,58641.71051,4148.454624,85803.18811,24209.79395,94989.27367,8773.391708,553131.6251
"Wise, Mechelle E.",est.mollis@dui.ca,Carpenter,Preschool,USA,0,45,79781.90126,11148.10325,0,52983.89411,83429.93261,56001.99884,90346.62625,24315.65603,61053.66708,736263.5499
"Mcclure, Avye L.",dictum@lorem.org,Firefighter,Special Education,USA,1,49,64665.39122,7404.080751,0,50666.88173,44815.11298,47078.7921,2145.193546,79195.18318,2757.178317,453316.6837
"Livingston, Blaze Y.",montes.nascetur@liberoet.co.uk,Journalist,Apprenticeships,USA,0,60,58837.97088,12788.81573,0,59625.02618,79616.13307,72247.69737,75998.17935,14376.05581,72210.4076,748146.9988
"Fuentes, Dora E.",nonummy@ornareelitelit.org,Journalist,Bachelor's Degree,USA,0,34,49607.23466,9344.32377,0,22630.25982,68214.11286,54918.17887,16122.4779,30591.86473,41720.19028,468394.1689
"Thompson, Alvin R.",interdum.ligula@Phasellus.edu,Marketing Manager,Distance Learning,USA,0,36,67032.16445,7666.5303,0,41137.89459,85043.77812,16691.47132,72491.68404,45352.82608,10205.61621,541846.5407
"Armstrong, Hedda N.",magnis.dis@aliquam.org,Veterinarian,GED (General Educational Development),USA,0,51,65245.57379,11554.2723,0,53496.48183,91449.00762,46075.4185,77127.51714,99799.5041,61448.65904,858793.1765
"Casey, Sylvia E.",Integer.vitae.nibh@a.org,Firefighter,Preschool,USA,0,42,56174.3433,10394.57246,0,36543.93642,88615.31832,91321.63357,74863.93964,13275.77335,68028.20211,745297.6068
"Shaw, Rooney Q.",Curabitur.vel@Nullam.net,Chef,Educational Workshops and Seminars,USA,0,48,47227.01542,11312.51035,0,43503.97349,2504.709536,66551.268,33052.9258,24781.33381,34477.1426,409742.7065
"Sexton, Shaeleigh H.",Cras.convallis.convallis@Fuscealiquam.net,Construction Worker,Professional Degrees,USA,1,35,40300.49467,8828.164449,0,31146.71078,22887.07293,26943.85723,60356.92739,56844.96103,74476.84526,545312.7492
"Langley, Skyler J.",mi.eleifend.egestas@cursuset.net,Artist,Primary Education,USA,1,44,45504.74866,9245.466786,0,31526.04931,71268.13927,47748.1083,15964.78444,34700.82158,54627.49495,511670.7957
"Caldwell, Yolanda F.",ac.facilisis.facilisis@necmalesuada.com,Electrician,International Baccalaureate (IB),USA,0,48,50017.38154,7514.393035,0,31083.70271,56949.66499,26955.67103,74937.50554,42253.27779,4027.467041,472414.5782
"Olson, Riley O.",ornare.sagittis@hendrerit.ca,Lawyer,Master's Degree,USA,1,47,66226.72902,8511.814921,0,45366.35963,91211.26853,9994.56264,30796.46944,68962.67172,49860.86176,592384.3875
"Irwin, Dillon J.",arcu@dictummiac.edu,Psychologist,GED (General Educational Development),USA,0,31,41361.95045,10755.50842,0,25252.93221,32440.01542,23798.96245,64507.60076,27874.6273,72570.91834,492890.113
"Terry, Mollie K.",quam.dignissim.pharetra@aauctornon.ca,Veterinarian,Adult Education,USA,1,45,56687.41273,9050.284083,0,39888.59789,78947.95688,4258.068236,41881.47291,86388.25034,4087.30679,510903.3061
"Hudson, Maxwell F.",metus.eu.erat@non.org,Construction Worker,Adult Education,USA,0,49,68114.60169,11633.95265,0,52240.72866,20892.58476,33436.55482,51059.84216,93864.42272,63406.24474,629800.7557
"Levy, Irma P.",lacus.varius@sitamet.ca,Software Developer,Educational Workshops and Seminars,USA,0,61,51086.88482,12254.53943,0,39911.6116,27794.71489,57382.0724,75521.97855,49631.41707,66928.47206,634340.5331
"Brady, Oscar Y.",erat@urnaUttincidunt.com,Accountant,Non-Degree Programs,USA,0,51,71921.45038,6354.372629,0,45857.75365,72045.31296,6864.561785,39902.45785,50976.43145,28048.21603,487389.4674
"Dudley, Ryder M.",sed@sedtortor.co.uk,Dentist,Adult Education,USA,1,35,56807.01728,8851.564939,0,30826.10903,87407.11995,15443.75069,21035.19851,3115.467325,45431.20929,406517.7096
"Morales, Halla M.",elit.elit.fermentum@erosturpisnon.org,Marketing Manager,Postdoctoral Research,USA,0,53,43019.8475,8527.034281,0,39422.79389,43174.59645,92599.95803,32660.42966,95575.47436,16017.88385,638902.2725
"Holloway, Brennan Q.",fringilla.purus.mauris@risusatfringilla.ca,Mechanic,Adult Education,USA,1,42,63875.20999,11397.68601,0,34678.83226,7919.179115,46768.67815,65783.83277,78268.52901,24973.0072,516784.117
"Powers, Naomi B.",Cras.eu@vitaevelitegestas.net,Teacher,Bachelor's Degree,USA,1,39,41587.39238,5397.031602,0,23517.91983,12144.45404,76203.17945,54649.22913,36678.08454,29865.84111,466117.4162
"Armstrong, Naomi D.",nunc.sed.pede@Quisqueporttitor.net,Electrician,Doctorate (Ph.D.),USA,1,38,49661.96712,4679.441732,0,28733.68779,69043.56498,6917.713639,35651.04136,91608.75781,60739.57851,585388.6882
"Flores, Caldwell U.",ut@Etiamvestibulum.ca,Plumber,Doctorate (Ph.D.),USA,0,41,92471.17612,5404.397644,0,59096.26978,26550.20639,82211.73936,75083.26963,417.1131215,75787.5691,638292.3348
"Russo, Fleur N.",erat@at.edu,Software Developer,Primary Education,USA,0,44,70136.82862,7765.975483,0,50188.86612,5614.306813,91131.84126,1242.132554,55968.63945,22441.24302,453174.0584
"Reese, Sylvia H.",Proin.nisl.sem@Maecenasmalesuada.co.uk,Artist,Online Education,USA,1,43,52664.71719,14435.74305,0,35659.12237,82152.05125,99075.37052,56778.79148,39178.98445,46433.54997,718555.7401
"Burke, Simon H.",lacinia@Nullam.com,Accountant,Vocational Training,USA,1,39,55618.06942,7557.657205,0,46398.35204,33044.16703,13179.51188,4795.688472,56249.94571,2412.178012,312159.6863
"Mayer, Paki D.",Nunc.lectus.pede@egestasrhoncus.com,Software Developer,Language Courses,USA,0,33,54912.44043,8203.56263,0,32291.18978,34132.87869,12534.81572,78860.63849,92821.79062,66085.93343,633454.4935
"Bush, Jessica C.",dolor.sit.amet@iaculisneceleifend.ca,Artist,Primary Education,USA,0,47,56692.78044,7946.435929,0,49079.29461,29738.68424,79142.75672,54651.67711,72807.24905,30515.72005,631870.7636
"West, April J.",ante@nisi.org,Social Worker,Doctorate (Ph.D.),USA,0,45,63561.04525,3730.11972,0,49348.88394,89283.45458,40859.32123,4742.941994,41761.57096,51598.69398,555189.7334
"Levy, Wesley S.",facilisis.vitae.orci@sociosquad.co.uk,Psychologist,Associate Degree,USA,1,51,62788.93529,13224.45167,0,41427.59797,33005.10443,93516.16309,9054.019938,15137.59643,32290.8241,448862.6119
"Nieves, Bertha O.",dolor@velitegestas.org,Graphic Designer,Primary Education,USA,0,42,38453.86033,15283.41752,0,24221.99937,7767.016637,42525.52988,95230.60929,40397.78189,14740.90086,449767.6758
"Patrick, Merritt L.",ut@nonummyut.net,Architect,Postdoctoral Research,USA,0,55,59486.27073,6515.336778,0,44424.07681,15540.66512,93457.88546,95372.40688,57742.82181,55415.39763,723906.5074
"Mcdaniel, Marcia Z.",non.nisi.Aenean@etmagnis.co.uk,Electrician,Technical or Trade School,USA,1,62,68149.63056,9560.448204,0,60390.06616,27779.77517,26740.04052,36683.40247,55116.8931,58189.87053,529800.0959
"Ortiz, Drew P.",tincidunt@vel.edu,Firefighter,Vocational Training,USA,0,52,49393.46784,11521.6189,0,42793.9932,27808.43894,33345.24787,31243.00216,98725.24365,73773.75327,615379.3582
"Oneill, Tiger A.",orci.Phasellus@ut.org,Plumber,International Baccalaureate (IB),USA,0,51,72262.20245,12124.82386,0,46935.72774,65710.9183,29003.12229,92892.89101,35224.78857,40370.36681,620275.6294
"Sims, Tashya J.",aliquam@anteNuncmauris.ca,Accountant,Associate Degree,USA,1,63,64494.39535,8765.624109,0,58667.06865,24075.39999,81390.64368,74455.99314,81275.20684,67868.39347,775465.4116
"Lawrence, Hope Z.",metus.vitae@Morbisitamet.ca,Accountant,Technical or Trade School,USA,1,46,54362.70307,15647.35449,0,38042.80065,94993.09841,6637.447279,47809.02272,99989.94143,24867.21488,624679.0507
"Jenkins, Hasad P.",adipiscing.elit.Aliquam@Utsagittislobortis.co.uk,Financial Analyst,Technical Certifications,USA,1,47,55657.65681,9625.399586,0,39270.57909,50030.44765,88212.83612,72300.08454,7572.531409,13257.02997,541287.0176
"Rodriguez, Basia D.",Vestibulum@lobortis.org,Chef,Vocational Training,USA,0,58,73512.41269,11054.27478,0,54606.18769,18724.40716,74749.49117,3375.956787,45667.31145,70285.47414,534817.6568
"Blair, Abra U.",montes@Loremipsum.edu,Electrician,Secondary Education,USA,1,37,70621.52393,9384.067625,0,39083.94268,75037.95679,69311.298,3046.325135,31426.58813,94940.14528,625692.512
"Rosario, Elijah N.",In@non.com,Engineer,Secondary Education,USA,1,51,70275.68706,10359.17579,0,47984.12043,30789.87278,35793.98274,80023.5316,28529.23499,94330.98513,634903.4553
"Beach, Victor S.",consequat.auctor@lacuspede.co.uk,Social Worker,Professional Degrees,USA,0,36,74420.10254,10274.13558,0,46082.80993,86859.61481,1978.314974,27259.09208,99692.81905,26547.59823,576840.4982
"Ruiz, Rafael L.",sed.pede@volutpatNulladignissim.net,Construction Worker,Special Education,USA,1,32,54395.05356,10693.88704,0,30964.07804,23557.49382,26115.21576,63503.55101,91684.43099,5038.619926,481726.7791
"Macdonald, Rahim B.",augue.eu@nisi.edu,Librarian,Undergraduate Education,USA,1,32,60384.34541,11518.29175,0,35726.95299,99011.69689,42583.5595,44951.18598,81103.48918,47444.3203,701642.4097
"Valdez, Joy U.",lobortis.quam@velarcueu.org,Electrician,Secondary Education,USA,1,43,66813.664,15458.68867,0,49065.1634,30983.02548,57942.48044,9097.366266,40808.5897,8328.570098,392450.3908
"Watson, Moana M.",ipsum.Suspendisse@diamDuismi.org,Pilot,Military Education and Training,USA,0,51,84120.95497,9596.513091,0,48955.85816,28896.84709,58316.15597,99657.27694,22684.56338,73184.19664,663389.7963
"Cote, Evangeline F.",lorem.tristique.aliquet@estNunclaoreet.net,Electrician,Bachelor's Degree,USA,1,43,54236.62092,7275.314728,0,37183.10293,97919.65857,59581.79696,7409.699562,17736.18919,69234.4293,578129.753
"Delgado, Jasper U.",lacinia@posuere.ca,Sales Representative,Special Education,USA,1,58,64426.59613,9514.645028,0,46710.52519,41407.4135,71254.80379,10243.00818,25679.44062,31834.15318,454258.6889
"Hardy, Hilary R.",egestas.Fusce@orciDonecnibh.com,Journalist,Adult Education,USA,1,49,71150.19894,9848.997857,0,52889.56257,61993.75249,58166.76382,71101.83287,37574.67324,54123.5321,671700.2342
"Stafford, Berk Y.",Quisque@ultriciessem.net,Engineer,Bachelor's Degree,USA,0,43,60325.20676,10128.1151,0,29754.66271,74304.84278,19629.99289,78045.74003,35245.97752,83917.29391,641797.0197
"Daugherty, Veda M.",venenatis.vel.faucibus@iaculisnec.net,Software Developer,Bachelor's Degree,USA,1,48,91083.73918,13148.85597,0,60960.83428,14816.43669,75834.19211,43744.77378,19602.95725,53721.64366,537361.6755
"Harmon, David N.",aliquet.diam.Sed@posuere.org,Pilot,Apprenticeships,USA,0,40,60380.22868,2799.719601,0,39975.43302,60171.88762,90490.22594,53999.89989,34556.21195,54982.19639,668351.7096
"Houston, Grant O.",ut.aliquam@egetlacusMauris.ca,Artist,Adult Education,USA,1,35,72948.11812,12664.32052,0,38545.80328,62060.88369,27115.20062,95214.8043,82588.79738,49991.49163,711033.9618
"Collier, Xerxes Q.",eu@magnaLorem.org,Financial Analyst,GED (General Educational Development),USA,0,43,74834.57117,9366.027561,0,56764.44728,78994.7523,72904.25375,91800.07951,78081.06853,21462.28539,800013.7735
"Lewis, Jackson U.",pellentesque.a.facilisis@nonlacinia.co.uk,Dentist,Associate Degree,USA,1,57,67752.38329,13851.92122,0,63079.84329,6385.289806,17036.61614,79351.58316,74730.08828,64948.1775,611063.1964
"Smith, Nola H.",orci.lacus.vestibulum@gravidasit.co.uk,Graphic Designer,Distance Learning,USA,1,47,59205.89035,2689.317953,0,55700.83389,17010.054,76467.80446,59287.71318,79023.14248,48480.9488,671940.9936
"Jensen, Ebony Y.",ac@sagittisNullam.net,Dentist,Bachelor's Degree,USA,0,32,64874.03368,8511.835275,0,36367.18452,43345.5201,72791.46752,87363.40276,26294.77654,13813.66432,559952.0315
"Kim, Claudia W.",sit.amet@dignissimmagnaa.edu,Police Officer,Professional Degrees,USA,0,44,63305.84963,16146.77016,0,52477.83479,30983.42155,87480.09914,69474.0483,30211.82407,87777.76578,716809.9872
"Livingston, Lucas K.",porttitor.scelerisque@Aliquam.ca,Chef,Vocational Training,USA,0,50,74176.2079,11894.4244,0,50296.67496,8477.376842,23679.66252,65220.25733,17445.59001,22790.52528,375820.1739
"Bradford, Daquan F.",Nunc@euarcuMorbi.ca,Teacher,Distance Learning,USA,1,44,47230.92278,4421.153379,0,37259.84386,29650.64898,18364.20839,69181.49165,57384.52327,35466.67964,494614.7916
"Park, Quincy A.",amet.consectetuer@orciinconsequat.ca,Financial Analyst,Master's Degree,USA,0,57,65980.95617,7009.186038,0,47715.96049,15110.1571,12130.02568,35734.56594,18258.18833,20823.0691,299543.9333
"Dillon, Lynn W.",ornare.egestas.ligula@urnaVivamusmolestie.com,Teacher,Adult Education,USA,0,35,51428.66337,9221.265417,0,29540.87013,3517.210045,5068.843115,46123.24376,7774.240694,97725.25235,379499.3202
"Blackburn, Joel Y.",semper@tristique.co.uk,Chef,Online Education,USA,1,53,75381.07571,7925.059589,0,60567.18837,60871.04401,77767.35009,10597.85457,21560.20399,47428.59319,557584.4684
"Sanders, Selma F.",velit.Pellentesque@Nullam.org,Chef,Undergraduate Education,USA,1,41,54742.3946,10342.60917,0,36125.48846,58848.71587,62813.1402,1094.221811,53015.95858,74941.22462,573677.4991
"Solis, Melissa T.",placerat.eget@placeratorcilacus.com,Carpenter,Apprenticeships,USA,0,44,76245.2434,6139.387823,0,57303.87131,46141.95969,10336.37548,99149.32703,30074.69631,90194.99275,666402.4452
"Holmes, Ross Y.",velit@Pellentesquetincidunttempus.net,Social Worker,Homeschooling,USA,1,63,60409.75787,9611.317626,0,51922.07691,39704.03303,44860.70616,77821.09708,87225.55634,57424.23344,717915.4059
"Sutton, Michelle D.",enim.Mauris@Namac.net,Plumber,Homeschooling,USA,0,50,57600.59673,10340.30041,0,35848.82935,99418.68032,15150.38789,4777.032616,36926.97278,71431.71575,527107.2374
"Munoz, Kennedy K.",dolor@nislelementumpurus.edu,Firefighter,Language Courses,USA,1,42,71371.92544,7094.827,0,42704.3221,59434.28315,91548.47416,10937.48204,79487.6487,37097.87169,642420.1637
"Little, Hayley R.",nunc.est@purusmaurisa.co.uk,Electrician,Educational Workshops and Seminars,USA,1,41,79444.01301,11620.1079,0,55174.98946,157.2660556,45186.89007,84740.80145,83018.10233,75625.10429,687806.3073
"Church, Lareina E.",lectus.rutrum.urna@nisinibh.co.uk,Carpenter,Online Education,USA,0,40,47569.44212,7840.293189,0,26599.90843,6737.421185,46588.77615,51420.0658,4187.964996,32918.02467,336904.3225
"Wolf, Tashya X.",nulla.Integer.vulputate@eutelluseu.edu,Artist,Technical or Trade School,USA,1,40,71193.72803,3854.733177,0,53993.44322,32543.72139,14202.81033,69974.94361,7322.268691,5987.900766,368050.176
"Barr, Hyatt D.",sem@odiovel.edu,Construction Worker,Military Education and Training,USA,1,56,46412.82136,11652.2729,0,47970.76767,34738.34222,25819.73838,62161.72313,60487.14187,10376.40406,483108.2347
"Hopper, Orson W.",luctus@magnaseddui.net,Marketing Manager,Non-Degree Programs,USA,1,48,57368.05622,10175.74457,0,43641.65727,9106.703347,56963.72405,30678.81925,9198.772268,95509.73423,490198.8208
"Decker, Jolie T.",pellentesque.massa.lobortis@facilisis.net,Graphic Designer,International Baccalaureate (IB),USA,1,41,65826.12291,11715.3714,0,41679.7929,71568.50303,79979.88159,48336.16117,23449.32875,45948.05938,621923.4536
"Chaney, Reuben I.",Integer@vulputate.net,Doctor,Undergraduate Education,USA,0,61,61824.8798,11211.99502,0,63140.05082,80809.31498,15987.1746,85501.18252,99511.17796,6051.427515,702000.6568
"Ross, Kermit D.",Donec@lacusQuisquepurus.net,Doctor,Homeschooling,USA,1,35,61723.00613,9913.194941,0,30757.65726,7575.45469,54002.81946,38996.47317,173.591563,46239.27493,355490.5422
"Hampton, Venus Q.",elit@faucibusMorbivehicula.net,Psychologist,Continuing Education,USA,0,55,72310.39623,3093.707686,0,65592.22012,4377.004712,54923.03611,67285.31124,52329.36091,23180.20036,535374.2669
"Chavez, Ralph U.",Aenean@interdum.edu,Firefighter,Continuing Education,USA,0,37,67548.77415,10462.35581,0,37871.7082,31934.58342,92149.97252,15779.52422,61331.03342,69251.5284,616636.7004
"Whitaker, Adena B.",pharetra.sed.hendrerit@accumsanneque.com,Doctor,Primary Education,USA,0,48,62175.68945,12967.284,0,42919.5196,93620.72745,57433.50979,60552.34208,23086.08263,61770.49081,678765.3447
Nola,elit@Fuscealiquamenim.ca,Carpenter,Technical Certifications,USA,0,32,60584.85458,8133.45931,0,22599.45863,92820.63491,90928.13651,84601.09354,19328.12882,7896.962288,636348.8294
Melodie,facilisi.Sed@tortordictum.com,Architect,Adult Education,USA,1,62,66655.4142,8001.644302,0,70598.96768,65534.12679,77875.9817,70727.3924,1331.09068,22568.57894,617272.2764
Seth,dignissim@nibhPhasellus.com,Software Developer,Professional Degrees,USA,0,49,63718.8812,11863.06428,0,43242.58224,24369.10896,20627.49139,60395.4132,17582.66884,76087.09315,484608.7156
Kyra,Etiam@diamluctus.org,Mechanic,Online Education,USA,0,43,60862.97749,8033.550461,0,38138.57511,26608.02978,12387.76559,89602.79181,67384.31477,73555.41818,615353.7905
Caldwell,amet@congue.edu,Firefighter,GED (General Educational Development),USA,1,36,67508.12293,10188.68685,0,30419.8,91048.92277,91206.09899,18722.23404,7045.897927,61398.72356,599683.3546
Benjamin,nisi.Mauris.nulla@vitaeodiosagittis.ca,Teacher,Master's Degree,USA,0,61,61639.76386,17870.63765,0,63868.94051,73899.50466,32439.16671,14141.37249,98520.74051,23756.51495,613252.4797
Florence,eros@faucibus.com,Software Developer,Undergraduate Education,USA,0,46,63172.95729,6332.2019,0,45112.94547,37781.28985,79902.3958,69058.0782,45585.53377,94049.63123,742979.7486
Oleg,Aenean.gravida@mifelis.com,Accountant,Apprenticeships,USA,0,57,58653.6591,17142.41332,0,44361.87507,87751.76245,80524.74681,73718.02419,47496.90619,74681.3425,817069.3144
Donovan,iaculis.odio.Nam@sedfacilisis.org,Pharmacist,Master's Degree,USA,1,36,40558.75456,4981.269146,0,19525.29827,56771.54931,78152.20565,80310.02465,65969.76444,95365.02904,792187.7427
Blaze,vitae.semper.egestas@montesnascetur.co.uk,Sales Representative,Tutoring and Coaching,USA,0,49,76870.00765,5575.323416,0,49991.60697,88550.13851,44764.56152,41896.78484,7557.579725,67144.7682,599810.8795
Illana,mi.pede.nonummy@euismodetcommodo.org,Artist,Adult Education,USA,1,63,71948.80529,8061.968487,0,61731.71426,37824.74845,40132.52508,70347.7103,21275.86886,54761.47463,572148.0832
Yvette,justo@pedeCras.ca,Carpenter,Preschool,USA,0,49,67629.84819,10916.85532,0,41769.38288,71550.82485,95585.09685,42041.29909,32228.92369,81917.31355,730185.6818
Walter,metus.vitae.velit@CuraePhasellus.co.uk,Journalist,International Baccalaureate (IB),USA,1,44,67121.32166,12087.38116,0,46402.53583,99899.6059,54416.62823,73153.62864,46725.36882,85454.55876,812104.6524
Dexter,est.arcu@in.org,Librarian,Language Courses,USA,1,43,57376.4803,12878.54582,0,37376.63439,85360.65718,69059.99428,71586.93076,87011.32066,90902.47837,882596.0313
Cameran,tristique@ligulaAliquam.net,Dentist,Continuing Education,USA,0,48,56944.87077,16449.0665,0,33766.6413,93597.85177,69118.76523,95661.03098,77973.27359,4615.654064,749466.4339
Penelope,vestibulum@metus.org,Pilot,Adult Education,USA,0,37,60174.05765,15666.43155,0,30667.60927,3452.384396,3938.897428,90949.03621,43119.65486,71515.4616,487286.0875
Hyatt,erat.Vivamus@ligula.co.uk,Architect,Technical Certifications,USA,1,49,81997.33071,12616.45622,0,52056.41478,89541.11128,1923.67718,55834.34116,11773.9685,27483.67935,477226.3845
Stone,neque.non@iaculisaliquet.edu,Journalist,Special Education,USA,1,40,36960.76994,1768.874438,0,30736.5798,51133.35957,2209.71287,81454.59259,87565.82992,66231.97205,638664.0936
Irma,placerat.eget.venenatis@elitpharetraut.edu,Firefighter,Vocational Training,USA,0,42,64412.43101,10449.61818,0,39439.45349,88228.36518,90564.29629,89009.07735,89988.12772,64953.4736,924365.5872
Josiah,Phasellus@Aliquamadipiscing.co.uk,Veterinarian,Secondary Education,USA,1,30,70076.22764,1726.809885,0,38174.87433,14921.33787,18127.27025,41330.20908,74906.47301,13357.80573,401635.9405
Nathan,Nam.interdum.enim@et.com,Lawyer,Bachelor's Degree,USA,1,43,72016.92459,11602.74297,0,40589.8625,72778.00835,75083.95901,3838.678964,95938.22897,89996.30105,756450.0777
Stacy,aliquet.odio@fermentumvel.edu,Pharmacist,Primary Education,USA,0,55,63186.12783,7122.163863,0,62028.71192,59601.38326,67047.14038,95702.2707,4824.242953,68746.45275,715900.4039
Kane,iaculis.quis.pede@adipiscingenim.net,Pilot,Military Education and Training,USA,0,40,76086.84122,9258.181529,0,48465.27211,66163.73569,17569.0677,5740.743542,99313.20963,58661.96261,591827.9826
Reed,diam.nunc@lectusconvallisest.org,Electrician,Primary Education,USA,1,38,74445.72702,7515.152476,0,40095.0498,72449.43542,39009.15685,59173.61557,25124.9941,40015.25639,551735.0163
Lani,odio.Phasellus@fringilla.co.uk,Engineer,Military Education and Training,USA,0,43,85475.64202,13786.14942,0,49568.47685,61914.82644,85806.91212,30237.94076,50165.33615,47286.94341,649960.8715
Curran,risus@Sedmalesuada.net,Dentist,Technical Certifications,USA,1,37,51111.76605,9057.600508,0,31408.62631,47950.04245,89639.55595,24994.24422,87791.15962,68142.98728,699853.2316
Rhonda,Sed.congue.elit@faucibusleo.ca,Journalist,GED (General Educational Development),USA,0,41,79064.9559,7221.667169,0,47719.47741,80568.02357,1401.754873,45650.23518,5278.750099,97812.60306,556861.6884
Leroy,arcu.et.pede@Morbinequetellus.org,Electrician,Master's Degree,USA,1,42,55514.9934,8009.719809,0,35784.42411,45115.03753,82848.16802,93193.19414,51333.37383,17309.56878,651167.5328
Adrienne,mauris.Morbi@ligulatortordictum.net,Marketing Manager,Special Education,USA,0,38,75901.81829,6512.71102,0,42905.53815,2680.052089,3625.10812,59862.29403,86253.59961,36535.37562,463723.9352
Aileen,venenatis.lacus@nuncQuisque.edu,Artist,Distance Learning,USA,0,43,56687.93949,10827.1614,0,48516.84335,72506.21791,70813.17768,61610.80273,408.8594917,20244.13931,548200.081
Rafael,nonummy.Fusce@sem.net,Architect,Professional Degrees,USA,0,44,59801.06311,8042.386734,0,45593.6849,10133.20356,13306.56924,92349.50848,43938.61635,26439.45151,463522.0681
Olivia,lacus.vestibulum.lorem@gravidaAliquamtincidunt.ca,Mechanic,Bachelor's Degree,USA,0,41,57303.83325,10836.41709,0,32061.6467,897.9690467,59064.49538,65397.85231,60720.10224,44119.3225,524522.7763
Hiram,ipsum.non.arcu@placeratorci.com,Sales Representative,Non-Degree Programs,USA,0,46,43412.86301,7843.402994,0,32208.37522,48326.55581,72684.68434,54524.52238,21728.61855,47163.25231,553272.0172
Jelani,consectetuer.adipiscing.elit@vestibulumneceuismod.net,Electrician,Primary Education,USA,1,46,58948.93261,8282.075073,0,35475.00344,24108.80684,51963.62822,53601.6929,90887.01299,81143.19375,674358.6763
Madeson,libero.et@Crasdictum.ca,Veterinarian,Technical or Trade School,USA,1,40,56086.45033,6588.606462,0,29519.56184,7130.500718,60398.70762,44136.08884,7643.753125,28062.47505,353782.1744
Uriah,molestie@commodoauctorvelit.co.uk,Architect,Non-Degree Programs,USA,1,45,80015.83115,9064.618618,0,55420.56668,63670.29588,28907.84432,7327.148142,20905.37245,57544.29956,467551.0541
Brady,massa@nec.co.uk,Dentist,Technical Certifications,USA,1,58,41409.2939,8211.34092,0,42139.64528,7653.376767,73697.20679,2096.466507,49104.27084,19287.77717,387957.4867
Denise,montes@inconsectetuer.edu,Architect,Apprenticeships,USA,0,62,40387.9207,5761.401538,0,50539.90169,32868.03346,54715.07616,42091.44093,69807.33454,22240.40354,544524.3806
Lyle,nascetur@amet.org,Firefighter,Vocational Training,USA,0,52,48746.71666,3923.407178,0,34922.42846,32765.22872,93206.49168,9044.415346,61205.79058,25145.11574,512578.9411
Victor,lectus.a@nonhendreritid.org,Dentist,International Baccalaureate (IB),USA,0,44,70230.15498,8542.019129,0,43898.2733,67315.9267,5281.317047,60638.80551,67078.29796,93165.39411,674756.0292
Demetria,Donec.at@sedlibero.net,Pharmacist,Language Courses,USA,0,44,64961.39305,6885.723977,0,39135.03023,20094.90673,55231.9059,15116.74486,25655.42525,4730.925323,319929.8766
Ora,bibendum.Donec.felis@liberoestcongue.org,Engineer,GED (General Educational Development),USA,1,40,57777.15558,19692.91262,0,41147.46679,72188.10845,21878.23937,89000.93055,24563.75294,31348.59827,560254.1927
Trevor,Sed@Pellentesquetincidunttempus.edu,Police Officer,Homeschooling,USA,0,33,54447.15275,13141.31969,0,24134.59205,90218.56328,58158.36121,84076.52768,13997.45927,28366.98195,597904.9709
Kristen,urna@vitaeodiosagittis.ca,Electrician,Language Courses,USA,1,44,59712.31101,7135.98755,0,42705.11311,32560.66216,64132.52307,88393.41565,68658.50378,45322.65362,683545.7427
Aristotle,ac@non.com,Carpenter,Undergraduate Education,USA,0,42,65605.41798,13629.1104,0,38901.60925,81951.24725,29717.03031,97048.08622,15296.08009,43922.42183,613672.9499
Camden,Aliquam.adipiscing.lobortis@loremut.net,Marketing Manager,Primary Education,USA,1,20,70467.29492,100,0,28645.39425,39340.14984,50676.12912,51204.02634,52037.24331,63176.58001,570159.0457
Urielle,est.congue@Nunc.edu,Mechanic,Associate Degree,USA,0,53,76318.87883,6392.211408,0,52150.41786,62399.67971,8373.357717,4297.848591,64489.14677,48520.09429,480461.0899
Jolene,erat.neque.non@elit.com,Software Developer,Language Courses,USA,1,56,77657.56243,14438.24233,0,66648.25077,47591.09815,40254.81628,9455.279999,21748.89213,55553.90422,482504.4831
Holly,accumsan@parturientmontes.net,Mechanic,Language Courses,USA,1,44,60487.90116,9911.037592,0,42909.27129,60.13270479,75527.57773,67712.23293,31939.27759,88295.1658,612887.3161
Wayne,molestie.orci@condimentum.com,Financial Analyst,Master's Degree,USA,1,52,67729.9725,10279.91264,0,49248.10595,58584.1377,16859.88546,7206.945957,16691.35033,84450.80428,466082.4594
Judith,vel.nisl.Quisque@mollisPhasellus.co.uk,Financial Analyst,Continuing Education,USA,0,43,49463.0635,6478.156506,0,27303.17104,36227.69806,76251.53835,69111.69504,48500.21595,72113.10569,659014.8483
Dennis,nunc.nulla.vulputate@dignissimmagnaa.edu,Journalist,Special Education,USA,1,49,65850.47688,3912.385616,0,47869.82593,22431.61964,49354.67809,45749.43689,88425.72295,36698.11002,581058.787
Kaitlin,parturient@Nuncsollicitudincommodo.co.uk,Electrician,Postdoctoral Research,USA,1,56,66505.38124,3942.76762,0,59984.16361,76992.07174,54837.73184,4935.182843,80503.38927,69126.77046,692758.6195
Harriet,amet.orci@tellus.net,Mechanic,Primary Education,USA,0,47,58260.57232,4658.41454,0,45271.46081,18693.25033,29485.8317,70219.34671,42400.04517,91491.39445,595122.6583
Tatyana,sem@parturientmontesnascetur.net,Doctor,Technical or Trade School,USA,0,25,45092.74073,11380.09288,0,9000,24090.68947,57212.39021,50111.06841,53181.51311,98169.42023,583530.1629
Paula,Nam@enimmitempor.com,Carpenter,Bachelor's Degree,USA,1,45,63845.77186,7761.848528,0,46012.10616,12800.97704,68784.95792,62020.74968,66686.46811,270.4973783,513151.5126
Tamekah,ut.pharetra@ametultricies.net,Marketing Manager,Doctorate (Ph.D.),USA,1,46,55293.575,8276.644566,0,32967.20191,5506.219179,39170.81766,60556.58356,4989.391735,74427.07547,435234.579
Brandon,non@purusaccumsaninterdum.com,Nurse,Continuing Education,USA,0,33,87598.01501,10814.57915,0,48785.15839,79553.68002,19424.69797,89757.34479,71071.10322,73730.50159,764644.972
Veda,et.euismod@Duis.co.uk,Engineer,Undergraduate Education,USA,1,43,71753.30877,9119.791422,0,45824.5656,74660.77956,79928.18602,24776.67562,52570.64622,4048.534434,563618.7749
Seth,Nulla.aliquet@sedturpisnec.co.uk,Electrician,Master's Degree,USA,1,48,45368.15561,12203.48778,0,40102.11417,73765.0414,90668.28457,38202.43379,26162.44591,52431.2318,642663.1033
Kai,velit@molestie.com,Software Developer,Technical or Trade School,USA,0,48,45362.66982,2524.992105,0,35457.1486,57317.47316,95843.93753,89609.0518,35879.55189,97855.42395,823925.1738
Piper,erat.neque@mattisvelitjusto.org,Teacher,Professional Degrees,USA,0,40,40727.39196,9725.549901,0,29556.7932,67137.01957,76273.17944,15494.83581,46343.26456,22445.03543,514500.256
Hillary,ut.mi.Duis@quisarcu.com,Engineer,Military Education and Training,USA,1,39,58632.58875,12035.37079,0,38243.06228,94745.79862,16325.94677,78212.70678,48055.92614,79788.48948,710743.8601
Francis,Phasellus@estcongue.ca,Lawyer,Language Courses,USA,0,39,66680.2741,10263.14899,0,44430.63323,6208.13011,89505.54553,36641.72773,56808.24299,69175.05661,605538.6724
Rogan,pulvinar@porttitortellus.ca,Nurse,Adult Education,USA,1,54,75892.3053,8110.946984,0,51046.42226,70771.41648,78609.0919,37674.43628,93155.86646,6215.083462,674944.6337
Kyle,a.feugiat@enimnisl.com,Lawyer,Continuing Education,USA,0,53,59297.41631,9592.433147,0,52570.36517,86847.19833,77957.96952,20350.88457,59436.86242,3573.454342,601473.4687
Vaughan,Aliquam@aaliquet.com,Accountant,Technical Certifications,USA,0,51,92455.72807,9877.169366,0,61404.22578,84029.59136,37850.0454,55421.75938,90193.12806,72592.92261,802983.3452
India,risus.at.fringilla@feugiat.ca,Financial Analyst,Special Education,USA,0,55,32697.98161,10858.02526,0,28463.64326,93122.30621,51543.04947,35151.72524,4735.235755,60996.57423,548025.0683
Edward,rutrum.urna@faucibusidlibero.co.uk,Police Officer,Apprenticeships,USA,1,35,55418.75606,8837.654857,0,27586.20078,25771.49541,66944.68637,97230.79633,50774.9283,85699.39681,708015.008
Laurel,felis@orciconsectetuereuismod.ca,Artist,Military Education and Training,USA,0,43,68921.40213,8120.204455,0,47979.48549,11870.92749,92901.92846,16236.05637,75133.94824,35239.84717,558724.3865
Igor,Proin.eget@aliquetnecimperdiet.org,Nurse,International Baccalaureate (IB),USA,0,37,43739.97829,5933.177726,0,28164.86039,46837.91172,12599.3864,21774.27253,26879.18338,39281.44048,351074.1098
Diana,purus.ac.tellus@parturientmontesnascetur.org,Electrician,Bachelor's Degree,USA,0,60,81565.95967,9072.063059,0,69669.47402,73778.02533,65130.68481,25495.11883,50706.07408,48265.90958,666090.5733
Todd,egestas.a@vel.ca,Plumber,Vocational Training,USA,0,44,65364.06334,7839.414396,0,48052.65091,5748.29337,32138.41166,48227.93125,47217.61565,60459.32268,483688.451
Zephania,montes@sedsem.ca,Firefighter,Secondary Education,USA,1,39,65019.15701,4931.56016,0,37364.23474,75467.95071,1137.799195,22377.1567,96329.8383,59921.09852,585196.1563
Brock,Vivamus.nisi@elitpharetraut.ca,Firefighter,Technical or Trade School,USA,1,42,58243.17992,15149.03426,0,44500.81936,40147.6505,74863.77301,68043.74553,56675.70833,9622.154414,587707.7023
Avye,Cras@eros.net,Engineer,Adult Education,USA,0,32,73558.87334,11164.52652,0,35139.24793,70542.36394,43863.75051,85694.43256,73149.69582,86303.86005,789386.7016
Serena,odio.Nam@estac.ca,Veterinarian,Associate Degree,USA,1,52,66088.02369,6769.181833,0,55167.37361,73053.57944,21070.67979,87079.923,2311.258412,77493.89737,632353.4233
Barclay,diam.Proin@ut.edu,Chef,Non-Degree Programs,USA,0,56,54441.72437,4362.720324,1,48383.69071,24655.86244,75314.48417,18071.15645,57961.84613,49615.79655,548005.6729
Isabella,et.magnis@necmetus.ca,Software Developer,Technical or Trade School,USA,1,41,60101.79725,12989.36784,1,35823.55471,96908.59369,79774.70985,82688.7704,85320.9856,71163.77605,903360.7806
Mia,sed.est@afelisullamcorper.edu,Marketing Manager,Educational Workshops and Seminars,USA,1,51,50153.43545,6596.01369,1,36517.70996,81008.10399,1038.463603,67290.91501,56098.90343,43194.62315,570297.4383
Chester,Integer@odioauctor.co.uk,Carpenter,Bachelor's Degree,USA,0,58,61430.93415,11561.07365,1,53110.88052,80261.6903,41927.0853,5828.533232,12144.84456,19024.62804,424595.3239
Isaac,pretium.aliquet.metus@pretiumneque.com,Social Worker,Distance Learning,USA,0,51,65846.5096,9141.668545,1,53049.44567,83212.69762,74701.5373,36565.446,970.6431902,42563.30562,582126.1508
Heather,erat.Etiam@elementum.org,Marketing Manager,Secondary Education,USA,1,29,55433.61187,10769.75059,1,21471.11367,99073.59891,92990.21834,30984.7812,40250.13881,72134.32453,713808.3509
Justine,orci.adipiscing@penatibuset.com,Nurse,Non-Degree Programs,USA,1,53,62979.60196,14297.25366,1,45015.67953,13949.58341,33271.28995,66212.33747,37710.48886,10997.20829,414313.175
Bert,sem.Pellentesque@quis.net,Doctor,Vocational Training,USA,0,43,76523.33258,10373.00856,1,55377.87697,75630.30971,95076.37553,80551.18433,20541.28007,38969.71886,732293.4909
Gil,Phasellus.fermentum@dictumplacerataugue.net,Dentist,Preschool,USA,0,62,63956.1618,16978.52745,1,56510.13294,53227.92158,94472.25871,91980.92577,73949.63003,47025.30729,834332.3526
Dolan,ipsum.Phasellus@egestasblanditNam.edu,Engineer,Master's Degree,USA,1,60,39460.00348,8769.290288,1,47443.74443,98922.42075,59889.67809,65285.29352,60785.84495,33338.734,731331.4315
Cheryl,iaculis.enim@nislelementum.edu,Graphic Designer,Online Education,USA,1,37,66923.43536,8611.468093,1,41489.64123,83413.89549,69506.60678,92985.75151,53351.03437,14189.88435,709873.6275
Courtney,porttitor.tellus@elitelit.org,Lawyer,Associate Degree,USA,0,43,50051.14039,893.2353408,1,32553.53423,79607.43473,64520.56104,73232.37421,99409.19272,10879.18575,720404.5654
Neville,felis.Nulla@mi.ca,Software Developer,Special Education,USA,0,42,61575.9502,594.8049491,1,41984.62412,29155.70109,96880.30166,34005.84274,3736.284271,88532.73274,588590.9732
Gloria,Curabitur.egestas.nunc@fermentumfermentum.ca,Psychologist,Non-Degree Programs,USA,0,55,64430.07398,6924.106833,1,59538.40327,51166.94543,58725.9646,55268.01481,45885.72031,8172.267031,557514.6309
Jonah,augue@risusNuncac.co.uk,Social Worker,Language Courses,USA,1,46,63722.00164,10711.44472,1,41352.47071,23982.44603,7486.118412,56442.78237,62966.35115,6442.778154,397345.8937
Merrill,dolor.sit@turpisIn.com,Police Officer,Adult Education,USA,1,50,78518.21527,10072.48298,1,52785.16947,22430.52325,41200.67699,3048.60149,50031.94561,19794.98292,378583.7995
Nolan,Donec.at@neccursus.co.uk,Veterinarian,Homeschooling,USA,0,55,72424.80112,9831.184792,1,60117.67886,18435.80465,66266.63013,25683.65713,86199.52187,41666.77256,596740.1304
Winter,egestas.urna.justo@maurissagittis.edu,Electrician,Master's Degree,USA,0,43,77665.17195,13308.87932,1,47760.66427,12816.77875,6200.64964,48519.02203,6995.70821,78844.65631,402274.9584
Rigel,egestas.blandit.Nam@semvitaealiquam.com,Marketing Manager,Adult Education,USA,0,52,77345.61633,6736.75168,1,64188.26862,48055.68589,71885.90601,11641.26324,15458.45771,10400.14374,443259.4504
Walter,ligula@Cumsociis.ca,Marketing Manager,Doctorate (Ph.D.),USA,0,41,71942.40291,6995.902524,1,48901.44342,7017.965504,57025.73246,37271.49906,98922.98549,53091.52759,604462.307
Vanna,Cum.sociis.natoque@Sedmolestie.edu,Engineer,Postdoctoral Research,USA,1,38,56039.49793,12301.45679,1,31491.41457,66208.44133,73533.53254,37719.31146,42260.93625,22774.44996,547976.1722
Pearl,penatibus.et@massanonante.com,Software Developer,Continuing Education,USA,1,54,68888.77805,10611.60686,1,64147.28888,10779.14959,56804.46646,23838.02486,67553.04874,38491.3512,523226.6595
Nell,Quisque.varius@arcuVivamussit.net,Librarian,Primary Education,USA,1,59,49811.99062,14013.03451,1,45442.15353,65316.61863,40944.26007,56196.384,6799.018962,50159.8368,529716.544
Marla,Camaron.marla@hotmail.com,Marketing Manager,Technical or Trade School,USA,1,47,61370.67766,9391.341628,1,45107.22566,31838.16738,49236.74458,25404.23353,27000.97511,72129.223,501433.1385
